-- Team 3 
-- UTA IDs:1002117623, 1002057387, 1002117821, 1001924185
-- Name: Kushal Shah, Harsh Shah, Shivang Khatri, Alishbah Fahad

----------------------USER ADDRESS--------------------------------
INSERT INTO SPRING23_S003_3_USER_ADDRESS VALUES ('Sunset Blvd Los Angeles CA 90046','90046');
INSERT INTO SPRING23_S003_3_USER_ADDRESS VALUES ('2nd Ave Seattle WA 98121','98121');
INSERT INTO SPRING23_S003_3_USER_ADDRESS VALUES ('Park Ave New York NY 10021','10021');
INSERT INTO SPRING23_S003_3_USER_ADDRESS VALUES ('State St Chicago IL 60603','60603');
INSERT INTO SPRING23_S003_3_USER_ADDRESS VALUES ('Main St San Francisco CA 94105','94105');
INSERT INTO SPRING23_S003_3_USER_ADDRESS VALUES ('Madison Ave New York NY 10065','10065');
INSERT INTO SPRING23_S003_3_USER_ADDRESS VALUES ('Champs Elysees Chicago IL 75008','75008');
INSERT INTO SPRING23_S003_3_USER_ADDRESS VALUES ('Baker St New York NY 13004','13004');
INSERT INTO SPRING23_S003_3_USER_ADDRESS VALUES ('Avenida Paulista New York NY 86002','86002');
INSERT INTO SPRING23_S003_3_USER_ADDRESS VALUES ('Fifth Ave New York NY 10017','10017');
INSERT INTO SPRING23_S003_3_USER_ADDRESS VALUES ('Las Ramblas San Francisco CA 98002','98002');
INSERT INTO SPRING23_S003_3_USER_ADDRESS VALUES ('6th St Boston MA 02101','02101');
INSERT INTO SPRING23_S003_3_USER_ADDRESS VALUES ('7th Ave Houston TX 77001','77001');
INSERT INTO SPRING23_S003_3_USER_ADDRESS VALUES ('7th St San Diego CA 92101','92101');
INSERT INTO SPRING23_S003_3_USER_ADDRESS VALUES ('8th Ave Dallas TX 75201','75201');
INSERT INTO SPRING23_S003_3_USER_ADDRESS VALUES ('8th St Washington DC 20001','20001');
INSERT INTO SPRING23_S003_3_USER_ADDRESS VALUES ('9th Ave New Orleans LA 70112','70112');
INSERT INTO SPRING23_S003_3_USER_ADDRESS VALUES ('9th St Seattle WA 98104','98104');
INSERT INTO SPRING23_S003_3_USER_ADDRESS VALUES ('10th Ave Phoenix AZ 85001','85001');
INSERT INTO SPRING23_S003_3_USER_ADDRESS VALUES ('10th St Pittsburgh PA 15201','15201');
INSERT INTO SPRING23_S003_3_USER_ADDRESS VALUES ('2nd St San Francisco CA 94105','94105');
INSERT INTO SPRING23_S003_3_USER_ADDRESS VALUES ('Main St Los Angeles CA 90012','90012');
INSERT INTO SPRING23_S003_3_USER_ADDRESS VALUES ('Broadway New York NY 10007','10007');
INSERT INTO SPRING23_S003_3_USER_ADDRESS VALUES ('Washington Ave Miami FL 33139','33139');
INSERT INTO SPRING23_S003_3_USER_ADDRESS VALUES ('K Street NW Washington DC 20005','20005');
INSERT INTO SPRING23_S003_3_USER_ADDRESS VALUES ('Hollywood Blvd Los Angeles CA 90028','90028');
INSERT INTO SPRING23_S003_3_USER_ADDRESS VALUES ('N State St Chicago IL 60602','60602');
INSERT INTO SPRING23_S003_3_USER_ADDRESS VALUES ('E 5th St Austin TX 78702','78702');
INSERT INTO SPRING23_S003_3_USER_ADDRESS VALUES ('S 6th St Las Vegas NV 89101','89101');
INSERT INTO SPRING23_S003_3_USER_ADDRESS VALUES ('Elm St Dallas TX 75201','75201');
INSERT INTO SPRING23_S003_3_USER_ADDRESS VALUES ('Canal St New Orleans LA 70130','70130');
INSERT INTO SPRING23_S003_3_USER_ADDRESS VALUES ('State St Boston MA 02109','02109');
INSERT INTO SPRING23_S003_3_USER_ADDRESS VALUES ('Market St San Francisco CA 94103','94103');
INSERT INTO SPRING23_S003_3_USER_ADDRESS VALUES ('Lake Shore Dr Chicago IL 60611','60611');
INSERT INTO SPRING23_S003_3_USER_ADDRESS VALUES ('3rd Ave Seattle WA 98104','98104');
INSERT INTO SPRING23_S003_3_USER_ADDRESS VALUES ('N Pennsylvania St Indianapolis IN 46204','46204');
INSERT INTO SPRING23_S003_3_USER_ADDRESS VALUES ('W Adams St Phoenix AZ 85003','85003');
INSERT INTO SPRING23_S003_3_USER_ADDRESS VALUES ('Euclid Ave Cleveland OH 44115','44115');
INSERT INTO SPRING23_S003_3_USER_ADDRESS VALUES ('Cherry St Seattle WA 98104','98104');
INSERT INTO SPRING23_S003_3_USER_ADDRESS VALUES ('W 6th St Los Angeles CA 90014','90014');
INSERT INTO SPRING23_S003_3_USER_ADDRESS VALUES ('State St Chicago IL 60601','60601');
INSERT INTO SPRING23_S003_3_USER_ADDRESS VALUES ('E 8th St Cincinnati OH 45202','45202');
INSERT INTO SPRING23_S003_3_USER_ADDRESS VALUES ('South St Philadelphia PA 19147','19147');
INSERT INTO SPRING23_S003_3_USER_ADDRESS VALUES ('N Central Ave Phoenix AZ 85004','85004');
INSERT INTO SPRING23_S003_3_USER_ADDRESS VALUES ('Broadway Oakland CA 94612','94612');
INSERT INTO SPRING23_S003_3_USER_ADDRESS VALUES ('Michigan Ave Chicago IL 60611','60611');
INSERT INTO SPRING23_S003_3_USER_ADDRESS VALUES ('Folsom St San Francisco CA 94103','94103');
INSERT INTO SPRING23_S003_3_USER_ADDRESS VALUES ('Broadway New York NY 10003','10003');
INSERT INTO SPRING23_S003_3_USER_ADDRESS VALUES ('South St New York NY 10005','10005');
INSERT INTO SPRING23_S003_3_USER_ADDRESS VALUES ('Euclid Ave Cincinnati OH 45203','45203');

----------------------USER------------------------------

INSERT INTO SPRING23_S003_3_USER VALUES (1,'Virat','INDIVIDUAL','Sunset Blvd Los Angeles CA 90046',31,'M','virat.kohli@gmail.com','Los Angeles');
INSERT INTO SPRING23_S003_3_USER VALUES (2,'Suman','ADMIN','2nd Ave Seattle WA 98121',29,'F','suman.k@gmail.com','Seattle');
INSERT INTO SPRING23_S003_3_USER VALUES (3,'Parth','ADMIN','Park Ave New York NY 10021',33,'M','parth@gmail.com','New York');
INSERT INTO SPRING23_S003_3_USER VALUES (4,'Darsh','INDIVIDUAL','State St Chicago IL 60603',21,'M','da21@gmail.com','Chicago');
INSERT INTO SPRING23_S003_3_USER VALUES (5,'Darshil','INDIVIDUAL','2nd Ave Seattle WA 98121',45,'M','dars.12@gmail.com','Seattle');
INSERT INTO SPRING23_S003_3_USER VALUES (6,'Prithvi','INDIVIDUAL','Main St San Francisco CA 94105',29,'M','pri32@gmail.com','San Francisco');
INSERT INTO SPRING23_S003_3_USER VALUES (7,'Pujan','RESTAURANT','Main St San Francisco CA 94105',51,'M','pu23@gmail.com','San Francisco');
INSERT INTO SPRING23_S003_3_USER VALUES (8,'Pruthvi','INDIVIDUAL','State St Chicago IL 60603',19,'M','pruthvi23@gmail.com','Chicago');
INSERT INTO SPRING23_S003_3_USER VALUES (9,'Vimarsh','INDIVIDUAL','2nd Ave Seattle WA 98121',34,'M','vim65@gmail.com','Seattle');
INSERT INTO SPRING23_S003_3_USER VALUES (10,'Ambe','RESTAURANT','Madison Ave New York NY 10065',36,'M','ambe@gmail.com','New York');
INSERT INTO SPRING23_S003_3_USER VALUES (11,'Rishi','INDIVIDUAL','Champs Elysees Chicago IL 75008',26,'M','rishi.p@gmail.com','Chicago');
INSERT INTO SPRING23_S003_3_USER VALUES (12,'Ruturaj','INDIVIDUAL','2nd Ave Seattle WA 98121',29,'M','rutu.s@gmail.com','Seattle');
INSERT INTO SPRING23_S003_3_USER VALUES (13,'Dev','INDIVIDUAL','State St Chicago IL 60603',22,'M','dev45@gmail.com','Chicago');
INSERT INTO SPRING23_S003_3_USER VALUES (14,'John','INDIVIDUAL','Champs Elysees Chicago IL 75008',54,'M','johnpk@gmail.com','Chicago');
INSERT INTO SPRING23_S003_3_USER VALUES (15,'Jay','INDIVIDUAL','Baker St New York NY 13004',42,'M','jayp23@gmail.com','New York');
INSERT INTO SPRING23_S003_3_USER VALUES (16,'Payal','ADMIN','Avenida Paulista New York NY 86002',27,'F','pay45@gmail.com','New York');
INSERT INTO SPRING23_S003_3_USER VALUES (17,'Tushar','RESTAURANT','Fifth Ave New York NY 10017',29,'M','tushar@gmail.com','New York');
INSERT INTO SPRING23_S003_3_USER VALUES (18,'Aman','INDIVIDUAL','Las Ramblas San Francisco CA 98002',35,'M','aman2@gmail.com','San Francisco');
INSERT INTO SPRING23_S003_3_USER VALUES (19,'Aaravi','INDIVIDUAL','6th St Boston MA 02101',33,'F','aaravi24@gmail.com','Boston');
INSERT INTO SPRING23_S003_3_USER VALUES (20,'Arsh','ADMIN','7th Ave Houston TX 77001',31,'M','arsh45@gmail.com','Houston');
INSERT INTO SPRING23_S003_3_USER VALUES (21,'Andrew','INDIVIDUAL','7th St San Diego CA 92101',35,'M','and23@gmail.com','San Diego');
INSERT INTO SPRING23_S003_3_USER VALUES (22,'Shalva','RESTAURANT','State St Chicago IL 60603',37,'M','shalva009@gmail.com','Chicago');
INSERT INTO SPRING23_S003_3_USER VALUES (23,'Prem','INDIVIDUAL','7th Ave Houston TX 77001',38,'M','prem007@gmail.com','Houston');
INSERT INTO SPRING23_S003_3_USER VALUES (24,'Prakash','INDIVIDUAL','Las Ramblas San Francisco CA 98002',36,'M','prakash7@gmail.com','San Francisco');
INSERT INTO SPRING23_S003_3_USER VALUES (25,'Bhojan','RESTAURANT','State St Chicago IL 60603',39,'M','bho65@gmail.com','Chicago');
INSERT INTO SPRING23_S003_3_USER VALUES (26,'Tanmay','INDIVIDUAL','6th St Boston MA 02101',30,'M','tan23@gmail.com','Boston');
INSERT INTO SPRING23_S003_3_USER VALUES (27,'Harsh','RESTAURANT','8th Ave Dallas TX 75201',26,'M','har.sh@gmail.com','Dallas');
INSERT INTO SPRING23_S003_3_USER VALUES (28,'Harshil','INDIVIDUAL','8th Ave Dallas TX 75201',28,'M','harshil51@gmail.com','Dallas');
INSERT INTO SPRING23_S003_3_USER VALUES (29,'Vir','INDIVIDUAL','7th Ave Houston TX 77001',26,'M','vir@yahoo.com','Houston');
INSERT INTO SPRING23_S003_3_USER VALUES (30,'Harsh','INDIVIDUAL','7th Ave Houston TX 77001',34,'M','harshp@yahoo.com','Houston');
INSERT INTO SPRING23_S003_3_USER VALUES (31,'Jay','RESTAURANT','9th Ave New Orleans LA 70112',36,'M','jayshah12@yahoo.com','New Orleans');
INSERT INTO SPRING23_S003_3_USER VALUES (32,'Jayesh','RESTAURANT','9th St Seattle WA 98104',31,'M','jayesh35@gmail.com','Seattle');
INSERT INTO SPRING23_S003_3_USER VALUES (33,'Bhagyoday','RESTAURANT','10th Ave Phoenix AZ 85001',29,'M','bhagyodayres@gmail.com','Phoenix');
INSERT INTO SPRING23_S003_3_USER VALUES (34,'Manisha','INDIVIDUAL','10th St Pittsburgh PA 15201',22,'F','manishapatel@gmail.com','Pittsburgh');
INSERT INTO SPRING23_S003_3_USER VALUES (35,'Umesh','INDIVIDUAL','2nd St San Francisco CA 94105',25,'M','umesh56@gmail.com','San Francisco');
INSERT INTO SPRING23_S003_3_USER VALUES (36,'Qureshi','RESTAURANT','Main St Los Angeles CA 90012',29,'M','qureshi45@yahoo.com','Los Angeles');
INSERT INTO SPRING23_S003_3_USER VALUES (37,'Janvi','INDIVIDUAL','Broadway New York NY 10007',48,'F','janvi999@gmail.com','New York');
INSERT INTO SPRING23_S003_3_USER VALUES (38,'Arsh','RESTAURANT','Washington Ave Miami FL 33139',48,'M','arsh76@yahoo.com','Miami');
INSERT INTO SPRING23_S003_3_USER VALUES (39,'Shubham','RESTAURANT','K Street NW Washington DC 20005',43,'M','shub.45@gmail.com','Washington DC');
INSERT INTO SPRING23_S003_3_USER VALUES (40,'Suresh','RESTAURANT','N State St Chicago IL 60602',45,'M','suresh@gmail.com','Chicago');
INSERT INTO SPRING23_S003_3_USER VALUES (41,'Mansi','INDIVIDUAL','E 5th St Austin TX 78702',46,'F','mansi455@gmail.com','Austin');
INSERT INTO SPRING23_S003_3_USER VALUES (42,'Manoj','RESTAURANT','Canal St New Orleans LA 70130',34,'M','manojjoshi45@yahoo.com','New Orleans');
INSERT INTO SPRING23_S003_3_USER VALUES (43,'Madhav','RESTAURANT','Lake Shore Dr Chicago IL 60611',26,'M','virat.kohli@gmail.com','Chicago');
INSERT INTO SPRING23_S003_3_USER VALUES (44,'Vimarsh','RESTAURANT','N Pennsylvania St Indianapolis IN 46204',23,'M','vimarshres@gmail.com','Indianapolis');
INSERT INTO SPRING23_S003_3_USER VALUES (45,'Alpesh','INDIVIDUAL','Euclid Ave Cleveland OH 44115',30,'M','alp41@gmail.com','Cleveland');
INSERT INTO SPRING23_S003_3_USER VALUES (46,'Batuk','INDIVIDUAL','W 6th St Los Angeles CA 90014',31,'M','batuk23@gmail.com','Los Angeles');
INSERT INTO SPRING23_S003_3_USER VALUES (47,'Malav','INDIVIDUAL','State St Chicago IL 60601',47,'M','malav999@gmail.com','Chicago');
INSERT INTO SPRING23_S003_3_USER VALUES (48,'Purshotam','RESTAURANT','E 8th St Cincinnati OH 45202',34,'M','purshores@gmail.com','Cincinnati');
INSERT INTO SPRING23_S003_3_USER VALUES (49, 'Harshita', 'INDIVIDUAL', 'South St Philadelphia PA 19147', 28, 'F', 'harshita2000@yahoo.com', 'Philadelphia' );
INSERT INTO SPRING23_S003_3_USER VALUES (50, 'Harsh', 'INDIVIDUAL', 'N Central Ave Phoenix AZ 85004', 29, 'M', 'harsh1999@yahoo.com', 'Phoenix' );

----------------------------------USER PHONE-------------------------

INSERT INTO SPRING23_S003_3_USER_PHONE VALUES (1,'4587963210');
INSERT INTO SPRING23_S003_3_USER_PHONE VALUES (2,'4102345120');
INSERT INTO SPRING23_S003_3_USER_PHONE VALUES (3,'3481963311');
INSERT INTO SPRING23_S003_3_USER_PHONE VALUES (4,'4677766210');
INSERT INTO SPRING23_S003_3_USER_PHONE VALUES (5,'3901223561');
INSERT INTO SPRING23_S003_3_USER_PHONE VALUES (10,'3900040010');
INSERT INTO SPRING23_S003_3_USER_PHONE VALUES (9,'8935192391');
INSERT INTO SPRING23_S003_3_USER_PHONE VALUES (8,'8934111342');
INSERT INTO SPRING23_S003_3_USER_PHONE VALUES (7,'7989331113');
INSERT INTO SPRING23_S003_3_USER_PHONE VALUES (6,'6166123241');
INSERT INTO SPRING23_S003_3_USER_PHONE VALUES (15,'5102230031');
INSERT INTO SPRING23_S003_3_USER_PHONE VALUES (14,'6785891192');
INSERT INTO SPRING23_S003_3_USER_PHONE VALUES (13,'8849912239');
INSERT INTO SPRING23_S003_3_USER_PHONE VALUES (12,'1002341552');
INSERT INTO SPRING23_S003_3_USER_PHONE VALUES (11,'8979993211');
INSERT INTO SPRING23_S003_3_USER_PHONE VALUES (20,'7889988293');
INSERT INTO SPRING23_S003_3_USER_PHONE VALUES (19,'5113894211');
INSERT INTO SPRING23_S003_3_USER_PHONE VALUES (18,'4003412113');
INSERT INTO SPRING23_S003_3_USER_PHONE VALUES (17,'4504453200');
INSERT INTO SPRING23_S003_3_USER_PHONE VALUES (16,'4115002301');
INSERT INTO SPRING23_S003_3_USER_PHONE VALUES (25,'4893419902');
INSERT INTO SPRING23_S003_3_USER_PHONE VALUES (24,'4004141224');
INSERT INTO SPRING23_S003_3_USER_PHONE VALUES (23,'6700230411');
INSERT INTO SPRING23_S003_3_USER_PHONE VALUES (22,'6892330123');
INSERT INTO SPRING23_S003_3_USER_PHONE VALUES (21,'6664819231');
INSERT INTO SPRING23_S003_3_USER_PHONE VALUES (30,'8994021123');
INSERT INTO SPRING23_S003_3_USER_PHONE VALUES (29,'9183451223');
INSERT INTO SPRING23_S003_3_USER_PHONE VALUES (28,'9923441412');
INSERT INTO SPRING23_S003_3_USER_PHONE VALUES (27,'5551234414');
INSERT INTO SPRING23_S003_3_USER_PHONE VALUES (26,'8987999823');
INSERT INTO SPRING23_S003_3_USER_PHONE VALUES (35,'1234567890');
INSERT INTO SPRING23_S003_3_USER_PHONE VALUES (34,'2345678901');
INSERT INTO SPRING23_S003_3_USER_PHONE VALUES (33,'3456789012');
INSERT INTO SPRING23_S003_3_USER_PHONE VALUES (32,'4567890123');
INSERT INTO SPRING23_S003_3_USER_PHONE VALUES (31,'5678901234');
INSERT INTO SPRING23_S003_3_USER_PHONE VALUES (40,'6789012345');
INSERT INTO SPRING23_S003_3_USER_PHONE VALUES (43,'7890123456');
INSERT INTO SPRING23_S003_3_USER_PHONE VALUES (44,'8901234567');
INSERT INTO SPRING23_S003_3_USER_PHONE VALUES (45,'9012345678');
INSERT INTO SPRING23_S003_3_USER_PHONE VALUES (41,'0123456789');
INSERT INTO SPRING23_S003_3_USER_PHONE VALUES (42,'3216549870');
INSERT INTO SPRING23_S003_3_USER_PHONE VALUES (50,'6549873210');
INSERT INTO SPRING23_S003_3_USER_PHONE VALUES (49,'9873216540');
INSERT INTO SPRING23_S003_3_USER_PHONE VALUES (48,'1472583690');
INSERT INTO SPRING23_S003_3_USER_PHONE VALUES (47,'2583691470');
INSERT INTO SPRING23_S003_3_USER_PHONE VALUES (46,'3691472580');
INSERT INTO SPRING23_S003_3_USER_PHONE VALUES (36,'1231231234');
INSERT INTO SPRING23_S003_3_USER_PHONE VALUES (37,'2342342345');
INSERT INTO SPRING23_S003_3_USER_PHONE VALUES (38,'3453453456');
INSERT INTO SPRING23_S003_3_USER_PHONE VALUES (39,'4564564567');

--------------------------------ADMIN---------------------------------------

INSERT INTO SPRING23_S003_3_ADMIN VALUES (2);
INSERT INTO SPRING23_S003_3_ADMIN VALUES (3);
INSERT INTO SPRING23_S003_3_ADMIN VALUES (16);
INSERT INTO SPRING23_S003_3_ADMIN VALUES (20);

---------------------------------------INDIVIDUAL------------------------------------

INSERT INTO SPRING23_S003_3_INDIVIDUAL VALUES (1);
INSERT INTO SPRING23_S003_3_INDIVIDUAL VALUES (3);
INSERT INTO SPRING23_S003_3_INDIVIDUAL VALUES (5);
INSERT INTO SPRING23_S003_3_INDIVIDUAL VALUES (6);
INSERT INTO SPRING23_S003_3_INDIVIDUAL VALUES (8);
INSERT INTO SPRING23_S003_3_INDIVIDUAL VALUES (9);
INSERT INTO SPRING23_S003_3_INDIVIDUAL VALUES (11);
INSERT INTO SPRING23_S003_3_INDIVIDUAL VALUES (12);
INSERT INTO SPRING23_S003_3_INDIVIDUAL VALUES (13);
INSERT INTO SPRING23_S003_3_INDIVIDUAL VALUES (14);
INSERT INTO SPRING23_S003_3_INDIVIDUAL VALUES (15);
INSERT INTO SPRING23_S003_3_INDIVIDUAL VALUES (18);
INSERT INTO SPRING23_S003_3_INDIVIDUAL VALUES (19);
INSERT INTO SPRING23_S003_3_INDIVIDUAL VALUES (21);
INSERT INTO SPRING23_S003_3_INDIVIDUAL VALUES (23);
INSERT INTO SPRING23_S003_3_INDIVIDUAL VALUES (24);
INSERT INTO SPRING23_S003_3_INDIVIDUAL VALUES (26);
INSERT INTO SPRING23_S003_3_INDIVIDUAL VALUES (28);
INSERT INTO SPRING23_S003_3_INDIVIDUAL VALUES (29);
INSERT INTO SPRING23_S003_3_INDIVIDUAL VALUES (30);
INSERT INTO SPRING23_S003_3_INDIVIDUAL VALUES (34);
INSERT INTO SPRING23_S003_3_INDIVIDUAL VALUES (35);
INSERT INTO SPRING23_S003_3_INDIVIDUAL VALUES (37);
INSERT INTO SPRING23_S003_3_INDIVIDUAL VALUES (41);
INSERT INTO SPRING23_S003_3_INDIVIDUAL VALUES (45);
INSERT INTO SPRING23_S003_3_INDIVIDUAL VALUES (46);
INSERT INTO SPRING23_S003_3_INDIVIDUAL VALUES (47);
INSERT INTO SPRING23_S003_3_INDIVIDUAL VALUES (49);
INSERT INTO SPRING23_S003_3_INDIVIDUAL VALUES (50);

--------------------------------------RESTUARANT---------------------------

INSERT INTO SPRING23_S003_3_RESTAURANT (USER_ID) VALUES (7);
INSERT INTO SPRING23_S003_3_RESTAURANT (USER_ID) VALUES (10);
INSERT INTO SPRING23_S003_3_RESTAURANT (USER_ID) VALUES (17);
INSERT INTO SPRING23_S003_3_RESTAURANT (USER_ID) VALUES (22);
INSERT INTO SPRING23_S003_3_RESTAURANT (USER_ID) VALUES (25);
INSERT INTO SPRING23_S003_3_RESTAURANT (USER_ID) VALUES (27);
INSERT INTO SPRING23_S003_3_RESTAURANT (USER_ID) VALUES (31);
INSERT INTO SPRING23_S003_3_RESTAURANT (USER_ID) VALUES (32);
INSERT INTO SPRING23_S003_3_RESTAURANT (USER_ID) VALUES (33);
INSERT INTO SPRING23_S003_3_RESTAURANT (USER_ID) VALUES (36);
INSERT INTO SPRING23_S003_3_RESTAURANT (USER_ID) VALUES (38);
INSERT INTO SPRING23_S003_3_RESTAURANT (USER_ID) VALUES (39);
INSERT INTO SPRING23_S003_3_RESTAURANT (USER_ID) VALUES (40);
INSERT INTO SPRING23_S003_3_RESTAURANT (USER_ID) VALUES (42);
INSERT INTO SPRING23_S003_3_RESTAURANT (USER_ID) VALUES (43);
INSERT INTO SPRING23_S003_3_RESTAURANT (USER_ID) VALUES (44);
INSERT INTO SPRING23_S003_3_RESTAURANT (USER_ID) VALUES (48);

-------------------------------------CARD DETAILS----------------------------------

INSERT INTO SPRING23_S003_3_CARD_DETAILS VALUES (8963294892364365,123,TO_DATE('2028-02-12','yyyy-mm-dd'),'Suman Shah');
INSERT INTO SPRING23_S003_3_CARD_DETAILS VALUES (9233003489364127,243,TO_DATE('2030-01-12','yyyy-mm-dd'),'Aaravi Patel');
INSERT INTO SPRING23_S003_3_CARD_DETAILS VALUES (1006395892252165,411,TO_DATE('2027-08-12','yyyy-mm-dd'),'Harh Shah');
INSERT INTO SPRING23_S003_3_CARD_DETAILS VALUES (1963494890061300,23,TO_DATE('2025-11-12','yyyy-mm-dd'),'Harshita Thakkar');
INSERT INTO SPRING23_S003_3_CARD_DETAILS VALUES (7888239591000235,491,TO_DATE('2024-12-12','yyyy-mm-dd'),'Malav Patel');
INSERT INTO SPRING23_S003_3_CARD_DETAILS VALUES (7880033445122113,222,TO_DATE('2025-03-12','yyyy-mm-dd'),'Batuk Chauhan');
INSERT INTO SPRING23_S003_3_CARD_DETAILS VALUES (8999001123551123,125,TO_DATE('2024-04-12','yyyy-mm-dd'),'Mansi Prajapati');
INSERT INTO SPRING23_S003_3_CARD_DETAILS VALUES (7899200111235210,897,TO_DATE('2026-03-12','yyyy-mm-dd'),'Vir Chauhan');
INSERT INTO SPRING23_S003_3_CARD_DETAILS VALUES (8899441232244511,899,TO_DATE('2031-05-12','yyyy-mm-dd'),'Tanmay Patel');
INSERT INTO SPRING23_S003_3_CARD_DETAILS VALUES (1000023122355512,192,TO_DATE('2028-04-12','yyyy-mm-dd'),'Prem Shah');
INSERT INTO SPRING23_S003_3_CARD_DETAILS VALUES (5552313555123166,395,TO_DATE('2027-03-12','yyyy-mm-dd'),'Umesh Yadav');
INSERT INTO SPRING23_S003_3_CARD_DETAILS VALUES (9000233410104455,148,TO_DATE('2028-06-12','yyyy-mm-dd'),'Alpesh Suthar');
INSERT INTO SPRING23_S003_3_CARD_DETAILS VALUES (9992394004112344,928,TO_DATE('2026-08-12','yyyy-mm-dd'),'Manisha Shah');
INSERT INTO SPRING23_S003_3_CARD_DETAILS VALUES (1020234551112345,100,TO_DATE('2025-11-12','yyyy-mm-dd'),'Prakash Patel');
INSERT INTO SPRING23_S003_3_CARD_DETAILS VALUES (9984441222334510,20,TO_DATE('2025-11-12','yyyy-mm-dd'),'Janvi Shah');
INSERT INTO SPRING23_S003_3_CARD_DETAILS VALUES (9898277273345511,394,TO_DATE('2025-02-12','yyyy-mm-dd'),'Prithvi Shukla');
INSERT INTO SPRING23_S003_3_CARD_DETAILS VALUES (1000223300022156,489,TO_DATE('2025-09-12','yyyy-mm-dd'),'John Acharya');
INSERT INTO SPRING23_S003_3_CARD_DETAILS VALUES (1289388399455512,428,TO_DATE('2025-05-12','yyyy-mm-dd'),'Dev Patel');
INSERT INTO SPRING23_S003_3_CARD_DETAILS VALUES (9000838923221418,195,TO_DATE('2025-07-12','yyyy-mm-dd'),'Harshil Yadav');
INSERT INTO SPRING23_S003_3_CARD_DETAILS VALUES (8897999223112354,890,TO_DATE('2025-01-12','yyyy-mm-dd'),'Andrew Chastain');
INSERT INTO SPRING23_S003_3_CARD_DETAILS VALUES (9080993375182234,970,TO_DATE('2025-03-12','yyyy-mm-dd'),'Arsh Patel');
INSERT INTO SPRING23_S003_3_CARD_DETAILS VALUES (1000239994855819,230,TO_DATE('2025-05-12','yyyy-mm-dd'),'Payal Shah');
INSERT INTO SPRING23_S003_3_CARD_DETAILS VALUES (1010233344551992,102,TO_DATE('2025-02-12','yyyy-mm-dd'),'Rishi Shah');
INSERT INTO SPRING23_S003_3_CARD_DETAILS VALUES (1992003775993301,780,TO_DATE('2025-09-12','yyyy-mm-dd'),'Aman Prajapati');
INSERT INTO SPRING23_S003_3_CARD_DETAILS VALUES (8989222355112223,485,TO_DATE('2025-07-12','yyyy-mm-dd'),'Darsh Shah');
INSERT INTO SPRING23_S003_3_CARD_DETAILS VALUES (1002333018584930,182,TO_DATE('2025-11-12','yyyy-mm-dd'),'Darshil Patel');
INSERT INTO SPRING23_S003_3_CARD_DETAILS VALUES (1238883993119451,560,TO_DATE('2025-11-12','yyyy-mm-dd'),'Ruturaj Yadav');

INSERT INTO SPRING23_S003_3_CARD_DETAILS VALUES (5552313525123166,195,TO_DATE('2027-03-12','yyyy-mm-dd'),'Aarav Yadav');
INSERT INTO SPRING23_S003_3_CARD_DETAILS VALUES (9000233412354455,248,TO_DATE('2028-06-12','yyyy-mm-dd'),'Alpesh Kumar');
INSERT INTO SPRING23_S003_3_CARD_DETAILS VALUES (9992394011122344,328,TO_DATE('2026-08-12','yyyy-mm-dd'),'Manisha Patel');
INSERT INTO SPRING23_S003_3_CARD_DETAILS VALUES (1020234588912345,110,TO_DATE('2025-11-12','yyyy-mm-dd'),'Janvi Patel');
INSERT INTO SPRING23_S003_3_CARD_DETAILS VALUES (9984441523334510,233,TO_DATE('2025-11-12','yyyy-mm-dd'),'Janvi Shah');
INSERT INTO SPRING23_S003_3_CARD_DETAILS VALUES (9898277279899511,394,TO_DATE('2025-02-12','yyyy-mm-dd'),'Ruturaj Shukla');
INSERT INTO SPRING23_S003_3_CARD_DETAILS VALUES (1000223308887156,412,TO_DATE('2025-09-12','yyyy-mm-dd'),'Dev Acharya');
INSERT INTO SPRING23_S003_3_CARD_DETAILS VALUES (1289388393445512,418,TO_DATE('2025-05-12','yyyy-mm-dd'),'Dev Patel');
INSERT INTO SPRING23_S003_3_CARD_DETAILS VALUES (9000838926767418,155,TO_DATE('2025-07-12','yyyy-mm-dd'),'Harshil Yadav');
INSERT INTO SPRING23_S003_3_CARD_DETAILS VALUES (8897999223190354,860,TO_DATE('2025-01-12','yyyy-mm-dd'),'Payal Yadav');
INSERT INTO SPRING23_S003_3_CARD_DETAILS VALUES (9080993375911234,910,TO_DATE('2025-03-12','yyyy-mm-dd'),'Arsh Shah');
INSERT INTO SPRING23_S003_3_CARD_DETAILS VALUES (1000239999101819,233,TO_DATE('2025-05-12','yyyy-mm-dd'),'Payal Shah');
INSERT INTO SPRING23_S003_3_CARD_DETAILS VALUES (1010233344245692,105,TO_DATE('2025-02-12','yyyy-mm-dd'),'Manisha Patel');
INSERT INTO SPRING23_S003_3_CARD_DETAILS VALUES (1992003775900101,766,TO_DATE('2025-09-12','yyyy-mm-dd'),'Aman Kumar');
INSERT INTO SPRING23_S003_3_CARD_DETAILS VALUES (8989211123112223,411,TO_DATE('2025-07-12','yyyy-mm-dd'),'Umesh Shah');
INSERT INTO SPRING23_S003_3_CARD_DETAILS VALUES (1002310011584930,122,TO_DATE('2025-11-12','yyyy-mm-dd'),'Harhsil Patel');
INSERT INTO SPRING23_S003_3_CARD_DETAILS VALUES (1238882233119451,100,TO_DATE('2025-11-12','yyyy-mm-dd'),'Prithvi Yadav');

--------------------------------------------------FOOD RECEIVER--------------------------------------


INSERT INTO SPRING23_S003_3_FOOD_RECEIVER VALUES (1,10,'Taylor','taylor@gmail.com','Cooper','Houston','34565','Texas');
INSERT INTO SPRING23_S003_3_FOOD_RECEIVER VALUES (2,9,'John','johnsmith@gmail.com','Oak St','San Francisco','94102','CA');
INSERT INTO SPRING23_S003_3_FOOD_RECEIVER VALUES (3,8,'Samantha','samlee@yahoo.com','Maple Ave','New York','10001','NY');
INSERT INTO SPRING23_S003_3_FOOD_RECEIVER VALUES (4,7,'David','davidkim@gmail.com','Elm St','Chicago','60601','IL');
INSERT INTO SPRING23_S003_3_FOOD_RECEIVER VALUES (5,6,'Emily','emilyjones@hotmail.com','Birch Rd','Los Angeles','90001','CA');
INSERT INTO SPRING23_S003_3_FOOD_RECEIVER VALUES (6,5,'Michael','michaelchen@yahoo.com','Pine St','Boston','02108','MA');
INSERT INTO SPRING23_S003_3_FOOD_RECEIVER VALUES (7,4,'Sarah','sarahpark@gmail.com','Cedar Ln','Washington DC','20001','DC');
INSERT INTO SPRING23_S003_3_FOOD_RECEIVER VALUES (8,3,'James','jamesdavis@hotmail.com','Oak St','San Francisco','94102','CA');
INSERT INTO SPRING23_S003_3_FOOD_RECEIVER VALUES (9,2,'Karen','karenlee@yahoo.com','Maple Ave','New York','10001','NY');
INSERT INTO SPRING23_S003_3_FOOD_RECEIVER VALUES (10,1,'Daniel','danielkim@gmail.com','Elm St','Chicago','60601','IL');
INSERT INTO SPRING23_S003_3_FOOD_RECEIVER VALUES (11,11,'Ashley','ashleynguyen@hotmail.com','Birch Rd','Los Angeles','90001','CA');
INSERT INTO SPRING23_S003_3_FOOD_RECEIVER VALUES (12,15,'Matthew','matthewchang@yahoo.com','Pine St','Boston','02108','MA');
INSERT INTO SPRING23_S003_3_FOOD_RECEIVER VALUES (13,12,'Jessica','jessicakim@gmail.com','Cedar Ln','Washington DC','20001','DC');
INSERT INTO SPRING23_S003_3_FOOD_RECEIVER VALUES (14,13,'Brian','brianlee@hotmail.com','Oak St','San Francisco','94102','CA');
INSERT INTO SPRING23_S003_3_FOOD_RECEIVER VALUES (15,14,'Christine','christinepark@yahoo.com','Maple Ave','New York','10001','NY');
INSERT INTO SPRING23_S003_3_FOOD_RECEIVER VALUES (16,20,'Jennifer','jenniferlee@gmail.com','Elm St','Chicago','60601','IL');
INSERT INTO SPRING23_S003_3_FOOD_RECEIVER VALUES (17,19,'Jonathan','jonathanchen@hotmail.com','Birch Rd','Los Angeles','90001','CA');
INSERT INTO SPRING23_S003_3_FOOD_RECEIVER VALUES (18,18,'Julia','juliakim@yahoo.com','Pine St','Boston','02108','MA');
INSERT INTO SPRING23_S003_3_FOOD_RECEIVER VALUES (19,17,'Anthony','anthonynguyen@gmail.com','Cedar Ln','Washington DC','20001','DC');
INSERT INTO SPRING23_S003_3_FOOD_RECEIVER VALUES (20,16,'Katherine','katherinelee@hotmail.com','Oak St','San Francisco','94102','CA');
INSERT INTO SPRING23_S003_3_FOOD_RECEIVER VALUES (21,30,'Nicholas','nicholaspark@yahoo.com','Maple Ave','New York','10001','NY');
INSERT INTO SPRING23_S003_3_FOOD_RECEIVER VALUES (22,29,'Lauren','laurenlee@gmail.com','Elm St','Chicago','60601','IL');
INSERT INTO SPRING23_S003_3_FOOD_RECEIVER VALUES (23,28,'Johnson','johnson@gmail.com','Main St','New York','10001','NY');
INSERT INTO SPRING23_S003_3_FOOD_RECEIVER VALUES (24,27,'Jane','jane@gmail.com','Broadway','Los Angeles','90001','CA');
INSERT INTO SPRING23_S003_3_FOOD_RECEIVER VALUES (25,26,'Bob','bob@gmail.com','Market St','San Francisco','94102','CA');
INSERT INTO SPRING23_S003_3_FOOD_RECEIVER VALUES (26,25,'Alice','alice@gmail.com','Wall St','New York','10005','NY');
INSERT INTO SPRING23_S003_3_FOOD_RECEIVER VALUES (27,24,'Charlie','charlie@gmail.com','Pico Blvd','Los Angeles','90019','CA');
INSERT INTO SPRING23_S003_3_FOOD_RECEIVER VALUES (28,23,'Darcy','darcy@gmail.com','Geary St','San Francisco','94108','CA');
INSERT INTO SPRING23_S003_3_FOOD_RECEIVER VALUES (29,22,'Emma','emma@gmail.com','Lexington Ave','New York','10010','NY');
INSERT INTO SPRING23_S003_3_FOOD_RECEIVER VALUES (30,21,'Frank','frank@gmail.com','Santa Monica Blvd','Los Angeles','90046','CA');
INSERT INTO SPRING23_S003_3_FOOD_RECEIVER VALUES (31,40,'Jane','jane@hotmail.com', 'Oakland Ave', 'Pittsburgh', '15213', 'PA');
INSERT INTO SPRING23_S003_3_FOOD_RECEIVER VALUES (32,41,'David','david@yahoo.com', 'West End Ave', 'Nashville', '37203', 'TN');
INSERT INTO SPRING23_S003_3_FOOD_RECEIVER VALUES (33,42,'Mary','mary@gmail.com', 'Mansion St', 'Albany', '12204', 'NY');
INSERT INTO SPRING23_S003_3_FOOD_RECEIVER VALUES (34,43,'James','james@yahoo.com', 'W Howard St', 'Chicago', '60626', 'IL');
INSERT INTO SPRING23_S003_3_FOOD_RECEIVER VALUES (35,45,'Emily','emily@hotmail.com', 'Cherry St', 'Philadelphia', '19107', 'PA');
INSERT INTO SPRING23_S003_3_FOOD_RECEIVER VALUES (36,46,'Alex','alex@gmail.com', 'Oak St', 'San Francisco', '94117', 'CA');
INSERT INTO SPRING23_S003_3_FOOD_RECEIVER VALUES (37,47,'Ben','ben@hotmail.com', 'E 10th St', 'New York', '10003', 'NY');
INSERT INTO SPRING23_S003_3_FOOD_RECEIVER VALUES (38,48,'Olivia','olivia@yahoo.com', 'N Charles St', 'Baltimore', '21201', 'MD');
INSERT INTO SPRING23_S003_3_FOOD_RECEIVER VALUES (39,49,'William','william@gmail.com', 'Auburn Ave', 'Atlanta', '30303', 'GA');
INSERT INTO SPRING23_S003_3_FOOD_RECEIVER VALUES (40,44,'Emma','emma@hotmail.com', 'S 4th St', 'Louisville', '40202', 'KY');
INSERT INTO SPRING23_S003_3_FOOD_RECEIVER VALUES (41,31,'Jacob','jacob@yahoo.com', 'Poydras St', 'New Orleans', '70130', 'LA');
INSERT INTO SPRING23_S003_3_FOOD_RECEIVER VALUES (42,32,'Ava','ava@gmail.com', 'Dartmouth St', 'Boston', '02116', 'MA');
INSERT INTO SPRING23_S003_3_FOOD_RECEIVER VALUES (43,33,'Ethan','ethan@hotmail.com', 'SW Taylor St', 'Portland', '97205', 'OR');
INSERT INTO SPRING23_S003_3_FOOD_RECEIVER VALUES (44,34,'Mia','mia@yahoo.com', '17th St NW', 'Washington', '20006', 'DC');
INSERT INTO SPRING23_S003_3_FOOD_RECEIVER VALUES (45,35,'Noah','noah@gmail.com', 'Beach St', 'San Diego', '92101', 'CA');
INSERT INTO SPRING23_S003_3_FOOD_RECEIVER VALUES (46,36,'Sophia','sophia@hotmail.com', 'SW 6th Ave', 'Portland', '97204', 'OR');
INSERT INTO SPRING23_S003_3_FOOD_RECEIVER VALUES (47,37, 'Alice', 'alice@gmail.com', 'Main St', 'San Francisco', '94102', 'CA');
INSERT INTO SPRING23_S003_3_FOOD_RECEIVER VALUES (48,38, 'Bob', 'bob@gmail.com', 'Market St', 'San Francisco', '94104', 'CA');
INSERT INTO SPRING23_S003_3_FOOD_RECEIVER VALUES (49,39, 'Charlie', 'charlie@gmail.com', 'Mission St', 'San Francisco', '94110', 'CA');
INSERT INTO SPRING23_S003_3_FOOD_RECEIVER VALUES (50,50, 'David', 'david@gmail.com', 'Fillmore St', 'San Francisco', '94115', 'CA');


-----------------------------------------FOOD RECEIVER PHONE---------------------------------------

INSERT INTO SPRING23_S003_3_FOOD_RECEIVER_PHONE VALUES (1,'8996458964');
INSERT INTO SPRING23_S003_3_FOOD_RECEIVER_PHONE VALUES (2,'9876543210');
INSERT INTO SPRING23_S003_3_FOOD_RECEIVER_PHONE VALUES (3,'5521234567');
INSERT INTO SPRING23_S003_3_FOOD_RECEIVER_PHONE VALUES (4,'7755544442');
INSERT INTO SPRING23_S003_3_FOOD_RECEIVER_PHONE VALUES (5,'1239874560');
INSERT INTO SPRING23_S003_3_FOOD_RECEIVER_PHONE VALUES (6,'1513225333');
INSERT INTO SPRING23_S003_3_FOOD_RECEIVER_PHONE VALUES (7,'5351239876');
INSERT INTO SPRING23_S003_3_FOOD_RECEIVER_PHONE VALUES (8,'3236769879');
INSERT INTO SPRING23_S003_3_FOOD_RECEIVER_PHONE VALUES (9,'4848281212');
INSERT INTO SPRING23_S003_3_FOOD_RECEIVER_PHONE VALUES (10,'9990087727');
INSERT INTO SPRING23_S003_3_FOOD_RECEIVER_PHONE VALUES (11,'7903441451');
INSERT INTO SPRING23_S003_3_FOOD_RECEIVER_PHONE VALUES (12,'5956267897');
INSERT INTO SPRING23_S003_3_FOOD_RECEIVER_PHONE VALUES (13,'2114546626');
INSERT INTO SPRING23_S003_3_FOOD_RECEIVER_PHONE VALUES (14,'1215450707');
INSERT INTO SPRING23_S003_3_FOOD_RECEIVER_PHONE VALUES (15,'5521234567');
INSERT INTO SPRING23_S003_3_FOOD_RECEIVER_PHONE VALUES (16,'5359876543');
INSERT INTO SPRING23_S003_3_FOOD_RECEIVER_PHONE VALUES (17,'1235557890');
INSERT INTO SPRING23_S003_3_FOOD_RECEIVER_PHONE VALUES (18,'1212523323');
INSERT INTO SPRING23_S003_3_FOOD_RECEIVER_PHONE VALUES (19,'5900300125');
INSERT INTO SPRING23_S003_3_FOOD_RECEIVER_PHONE VALUES (20,'8994223994');
INSERT INTO SPRING23_S003_3_FOOD_RECEIVER_PHONE VALUES (21,'1004411234');
INSERT INTO SPRING23_S003_3_FOOD_RECEIVER_PHONE VALUES (22,'7884223419');
INSERT INTO SPRING23_S003_3_FOOD_RECEIVER_PHONE VALUES (23,'7844429948');
INSERT INTO SPRING23_S003_3_FOOD_RECEIVER_PHONE VALUES (24,'7000042337');
INSERT INTO SPRING23_S003_3_FOOD_RECEIVER_PHONE VALUES (25,'6112833946');
INSERT INTO SPRING23_S003_3_FOOD_RECEIVER_PHONE VALUES (26,'8755823315');
INSERT INTO SPRING23_S003_3_FOOD_RECEIVER_PHONE VALUES (27,'6558233414');
INSERT INTO SPRING23_S003_3_FOOD_RECEIVER_PHONE VALUES (28,'6574422393');
INSERT INTO SPRING23_S003_3_FOOD_RECEIVER_PHONE VALUES (29,'1023340585');
INSERT INTO SPRING23_S003_3_FOOD_RECEIVER_PHONE VALUES (30,'1002334515');
INSERT INTO SPRING23_S003_3_FOOD_RECEIVER_PHONE VALUES (31,'7134441451');
INSERT INTO SPRING23_S003_3_FOOD_RECEIVER_PHONE VALUES (32,'5956123897');
INSERT INTO SPRING23_S003_3_FOOD_RECEIVER_PHONE VALUES (33,'2115562626');
INSERT INTO SPRING23_S003_3_FOOD_RECEIVER_PHONE VALUES (34,'1211190707');
INSERT INTO SPRING23_S003_3_FOOD_RECEIVER_PHONE VALUES (35,'5522290567');
INSERT INTO SPRING23_S003_3_FOOD_RECEIVER_PHONE VALUES (36,'5350010543');
INSERT INTO SPRING23_S003_3_FOOD_RECEIVER_PHONE VALUES (37,'1239090890');
INSERT INTO SPRING23_S003_3_FOOD_RECEIVER_PHONE VALUES (38,'1211234323');
INSERT INTO SPRING23_S003_3_FOOD_RECEIVER_PHONE VALUES (39,'5901111125');
INSERT INTO SPRING23_S003_3_FOOD_RECEIVER_PHONE VALUES (40,'8900110994');
INSERT INTO SPRING23_S003_3_FOOD_RECEIVER_PHONE VALUES (41,'1009090234');
INSERT INTO SPRING23_S003_3_FOOD_RECEIVER_PHONE VALUES (42,'7811002419');
INSERT INTO SPRING23_S003_3_FOOD_RECEIVER_PHONE VALUES (43,'7810020948');
INSERT INTO SPRING23_S003_3_FOOD_RECEIVER_PHONE VALUES (44,'7000001337');
INSERT INTO SPRING23_S003_3_FOOD_RECEIVER_PHONE VALUES (45,'6900020946');
INSERT INTO SPRING23_S003_3_FOOD_RECEIVER_PHONE VALUES (46,'8752902315');
INSERT INTO SPRING23_S003_3_FOOD_RECEIVER_PHONE VALUES (47,'6558933314');
INSERT INTO SPRING23_S003_3_FOOD_RECEIVER_PHONE VALUES (48,'6574112393');
INSERT INTO SPRING23_S003_3_FOOD_RECEIVER_PHONE VALUES (49,'1023222585');
INSERT INTO SPRING23_S003_3_FOOD_RECEIVER_PHONE VALUES (50,'1001011515');

--------------------------------------------FOOD RECEIVER ZIP-------------------------------

INSERT INTO SPRING23_S003_3_FOOD_RECEIVER_ZIP VALUES ('84875',1);
INSERT INTO SPRING23_S003_3_FOOD_RECEIVER_ZIP VALUES ('84005',2);
INSERT INTO SPRING23_S003_3_FOOD_RECEIVER_ZIP VALUES ('81345',3);
INSERT INTO SPRING23_S003_3_FOOD_RECEIVER_ZIP VALUES ('84678',4);
INSERT INTO SPRING23_S003_3_FOOD_RECEIVER_ZIP VALUES ('84472',5);
INSERT INTO SPRING23_S003_3_FOOD_RECEIVER_ZIP VALUES ('84311',6);
INSERT INTO SPRING23_S003_3_FOOD_RECEIVER_ZIP VALUES ('84271',7);
INSERT INTO SPRING23_S003_3_FOOD_RECEIVER_ZIP VALUES ('80871',8);
INSERT INTO SPRING23_S003_3_FOOD_RECEIVER_ZIP VALUES ('80470',9);
INSERT INTO SPRING23_S003_3_FOOD_RECEIVER_ZIP VALUES ('80898',10);
INSERT INTO SPRING23_S003_3_FOOD_RECEIVER_ZIP VALUES ('84872',11);
INSERT INTO SPRING23_S003_3_FOOD_RECEIVER_ZIP VALUES ('84455',12);
INSERT INTO SPRING23_S003_3_FOOD_RECEIVER_ZIP VALUES ('84275',13);
INSERT INTO SPRING23_S003_3_FOOD_RECEIVER_ZIP VALUES ('84070',14);
INSERT INTO SPRING23_S003_3_FOOD_RECEIVER_ZIP VALUES ('84577',15);
INSERT INTO SPRING23_S003_3_FOOD_RECEIVER_ZIP VALUES ('85523',16);
INSERT INTO SPRING23_S003_3_FOOD_RECEIVER_ZIP VALUES ('80070',17);
INSERT INTO SPRING23_S003_3_FOOD_RECEIVER_ZIP VALUES ('80075',18);
INSERT INTO SPRING23_S003_3_FOOD_RECEIVER_ZIP VALUES ('84215',19);
INSERT INTO SPRING23_S003_3_FOOD_RECEIVER_ZIP VALUES ('83555',20);
INSERT INTO SPRING23_S003_3_FOOD_RECEIVER_ZIP VALUES ('80315',21);
INSERT INTO SPRING23_S003_3_FOOD_RECEIVER_ZIP VALUES ('89282',22);
INSERT INTO SPRING23_S003_3_FOOD_RECEIVER_ZIP VALUES ('89088',23);
INSERT INTO SPRING23_S003_3_FOOD_RECEIVER_ZIP VALUES ('89044',24);
INSERT INTO SPRING23_S003_3_FOOD_RECEIVER_ZIP VALUES ('88044',25);
INSERT INTO SPRING23_S003_3_FOOD_RECEIVER_ZIP VALUES ('81783',26);
INSERT INTO SPRING23_S003_3_FOOD_RECEIVER_ZIP VALUES ('84633',27);
INSERT INTO SPRING23_S003_3_FOOD_RECEIVER_ZIP VALUES ('83885',28);
INSERT INTO SPRING23_S003_3_FOOD_RECEIVER_ZIP VALUES ('89805',29);
INSERT INTO SPRING23_S003_3_FOOD_RECEIVER_ZIP VALUES ('87115',30);
INSERT INTO SPRING23_S003_3_FOOD_RECEIVER_ZIP VALUES ('82272',31);
INSERT INTO SPRING23_S003_3_FOOD_RECEIVER_ZIP VALUES ('89339',32);
INSERT INTO SPRING23_S003_3_FOOD_RECEIVER_ZIP VALUES ('89941',33);
INSERT INTO SPRING23_S003_3_FOOD_RECEIVER_ZIP VALUES ('89231',34);
INSERT INTO SPRING23_S003_3_FOOD_RECEIVER_ZIP VALUES ('89944',35);
INSERT INTO SPRING23_S003_3_FOOD_RECEIVER_ZIP VALUES ('89911',36);
INSERT INTO SPRING23_S003_3_FOOD_RECEIVER_ZIP VALUES ('89191',37);
INSERT INTO SPRING23_S003_3_FOOD_RECEIVER_ZIP VALUES ('89933',38);
INSERT INTO SPRING23_S003_3_FOOD_RECEIVER_ZIP VALUES ('89223',39);
INSERT INTO SPRING23_S003_3_FOOD_RECEIVER_ZIP VALUES ('87774',40);
INSERT INTO SPRING23_S003_3_FOOD_RECEIVER_ZIP VALUES ('82281',41);
INSERT INTO SPRING23_S003_3_FOOD_RECEIVER_ZIP VALUES ('81102',42);
INSERT INTO SPRING23_S003_3_FOOD_RECEIVER_ZIP VALUES ('87339',43);
INSERT INTO SPRING23_S003_3_FOOD_RECEIVER_ZIP VALUES ('82339',44);
INSERT INTO SPRING23_S003_3_FOOD_RECEIVER_ZIP VALUES ('85519',45);
INSERT INTO SPRING23_S003_3_FOOD_RECEIVER_ZIP VALUES ('83455',46);
INSERT INTO SPRING23_S003_3_FOOD_RECEIVER_ZIP VALUES ('83454',47);
INSERT INTO SPRING23_S003_3_FOOD_RECEIVER_ZIP VALUES ('83925',48);
INSERT INTO SPRING23_S003_3_FOOD_RECEIVER_ZIP VALUES ('89341',49);
INSERT INTO SPRING23_S003_3_FOOD_RECEIVER_ZIP VALUES ('89990',50);

--------------------------------------------DELIVERY PERSON----------------------------------------------

INSERT INTO SPRING23_S003_3_DELIVERY_PERSON VALUES (1,'Rakesh Kumar','38201','9876543210');
INSERT INTO SPRING23_S003_3_DELIVERY_PERSON VALUES (2,'Priya Singh','38402','9876543211');
INSERT INTO SPRING23_S003_3_DELIVERY_PERSON VALUES (3,'Vijay Patel','34503','9876543212');
INSERT INTO SPRING23_S003_3_DELIVERY_PERSON VALUES (4,'Ankit Shah','34514','9876543213');
INSERT INTO SPRING23_S003_3_DELIVERY_PERSON VALUES (5,'Mohan Singh','3235','9876543214');
INSERT INTO SPRING23_S003_3_DELIVERY_PERSON VALUES (6,'Neha Shah','39846','9876543215');
INSERT INTO SPRING23_S003_3_DELIVERY_PERSON VALUES (7,'Ravi Patel','38127','9876543216');
INSERT INTO SPRING23_S003_3_DELIVERY_PERSON VALUES (8,'Bhavna Shah','38138','9876543217');
INSERT INTO SPRING23_S003_3_DELIVERY_PERSON VALUES (9,'Ankit Patel','31929','9876543218');
INSERT INTO SPRING23_S003_3_DELIVERY_PERSON VALUES (10,'Nidhi Shah','33450','9876543219');
INSERT INTO SPRING23_S003_3_DELIVERY_PERSON VALUES (11,'Amit Kumar','10231','9876543220');
INSERT INTO SPRING23_S003_3_DELIVERY_PERSON VALUES (12,'Riya Singh','11302','9876543221');
INSERT INTO SPRING23_S003_3_DELIVERY_PERSON VALUES (13,'Arjun Gupta','11313','9876543222');
INSERT INTO SPRING23_S003_3_DELIVERY_PERSON VALUES (14,'Sunita Verma','11414','9876543223');
INSERT INTO SPRING23_S003_3_DELIVERY_PERSON VALUES (15,'Rajiv Sharma','12035','9876543224');
INSERT INTO SPRING23_S003_3_DELIVERY_PERSON VALUES (16,'Aarti Shah','11236','9876543225');
INSERT INTO SPRING23_S003_3_DELIVERY_PERSON VALUES (17,'Rahul Jain','10237','9876543226');
INSERT INTO SPRING23_S003_3_DELIVERY_PERSON VALUES (18,'Komal Singh','31308','9876543227');
INSERT INTO SPRING23_S003_3_DELIVERY_PERSON VALUES (19,'Ravi Gupta','15629','9876543228');
INSERT INTO SPRING23_S003_3_DELIVERY_PERSON VALUES (20,'Priyanka Sharma','12610','9876543229');
INSERT INTO SPRING23_S003_3_DELIVERY_PERSON VALUES (21,'Siddharth Shah','41201','9876543230');
INSERT INTO SPRING23_S003_3_DELIVERY_PERSON VALUES (22,'Payal Patel','44512','9876543231');
INSERT INTO SPRING23_S003_3_DELIVERY_PERSON VALUES (23,'Nishant Singh','40203','9876543232');
INSERT INTO SPRING23_S003_3_DELIVERY_PERSON VALUES (24,'Sunita Sharma','44204','9876543233');
INSERT INTO SPRING23_S003_3_DELIVERY_PERSON VALUES (25,'Akshay Gupta','45615','9876543234');
INSERT INTO SPRING23_S003_3_DELIVERY_PERSON VALUES (26,'Shweta Shah','40236','9876543235');
INSERT INTO SPRING23_S003_3_DELIVERY_PERSON VALUES (27,'Ankit Gupta','42407','9876543236');
INSERT INTO SPRING23_S003_3_DELIVERY_PERSON VALUES (28,'Rahul Patel','40138','9876543237');
INSERT INTO SPRING23_S003_3_DELIVERY_PERSON VALUES (29,'Neha Shah','40135','9876543238');
INSERT INTO SPRING23_S003_3_DELIVERY_PERSON VALUES (30,'Maya','54674','5636367565');

INSERT INTO SPRING23_S003_3_DELIVERY_PERSON VALUES (31,'Rahul Kumar','11331','9876543234');
INSERT INTO SPRING23_S003_3_DELIVERY_PERSON VALUES (32,'Riya Patel','10022','9876543212');
INSERT INTO SPRING23_S003_3_DELIVERY_PERSON VALUES (33,'Arjun Sharma','12213','9876543442');
INSERT INTO SPRING23_S003_3_DELIVERY_PERSON VALUES (34,'Akhsay Verma','11214','9876541123');
INSERT INTO SPRING23_S003_3_DELIVERY_PERSON VALUES (35,'Komal Sharma','15535','9876541024');
INSERT INTO SPRING23_S003_3_DELIVERY_PERSON VALUES (36,'Aarti Kumar','11136','9876543205');
INSERT INTO SPRING23_S003_3_DELIVERY_PERSON VALUES (37,'Rahul Kumar','10027','9876543196');
INSERT INTO SPRING23_S003_3_DELIVERY_PERSON VALUES (38,'Komal Singh','33018','9876542327');
INSERT INTO SPRING23_S003_3_DELIVERY_PERSON VALUES (39,'Ravi Singh','13009','9876543108');
INSERT INTO SPRING23_S003_3_DELIVERY_PERSON VALUES (40,'Nishant Sharma','12210','9871943229');
INSERT INTO SPRING23_S003_3_DELIVERY_PERSON VALUES (41,'Siddharth Patel','11301','9811543230');
INSERT INTO SPRING23_S003_3_DELIVERY_PERSON VALUES (42,'Payal Sharma','44551','9876113231');
INSERT INTO SPRING23_S003_3_DELIVERY_PERSON VALUES (43,'Nishant Patel','40223','9872943232');
INSERT INTO SPRING23_S003_3_DELIVERY_PERSON VALUES (44,'Sunita Verma','45504','981043233');
INSERT INTO SPRING23_S003_3_DELIVERY_PERSON VALUES (45,'Priyanka Gupta','41115','9876443234');
INSERT INTO SPRING23_S003_3_DELIVERY_PERSON VALUES (46,'Shweta Shah','40501','9876540235');
INSERT INTO SPRING23_S003_3_DELIVERY_PERSON VALUES (47,'Ankit Shah','42400','9876541136');
INSERT INTO SPRING23_S003_3_DELIVERY_PERSON VALUES (48,'Rahul Singh','40008','9876545237');
INSERT INTO SPRING23_S003_3_DELIVERY_PERSON VALUES (49,'Neha Singh','40335','9876541138');
INSERT INTO SPRING23_S003_3_DELIVERY_PERSON VALUES (50,'Maya Kumar','54114','5636310565');


---------------------------------------------------RATINGS-----------------------------------------------------

INSERT INTO SPRING23_S003_3_RATINGS VALUES (1,1,3,4,'Good Food');
INSERT INTO SPRING23_S003_3_RATINGS VALUES (2,3,2,5,'Good Quality');
INSERT INTO SPRING23_S003_3_RATINGS VALUES (3,5,1,2,'Not Good');
INSERT INTO SPRING23_S003_3_RATINGS VALUES (4,2,5,4,'Good Food');
INSERT INTO SPRING23_S003_3_RATINGS VALUES (5,6,4,4,'Not Good');
INSERT INTO SPRING23_S003_3_RATINGS VALUES (6,8,8,4,'Good Food');
INSERT INTO SPRING23_S003_3_RATINGS VALUES (7,10,6,1,'Not Good');
INSERT INTO SPRING23_S003_3_RATINGS VALUES (8,12,9,2,'Not Good');
INSERT INTO SPRING23_S003_3_RATINGS VALUES (9,14,10,2,'Not Good');
INSERT INTO SPRING23_S003_3_RATINGS VALUES (10,11,13,3,'Good Quality');
INSERT INTO SPRING23_S003_3_RATINGS VALUES (11,15,15,5,'Good Food');
INSERT INTO SPRING23_S003_3_RATINGS VALUES (12,18,12,5,'Good Quality');
INSERT INTO SPRING23_S003_3_RATINGS VALUES (13,19,11,5,'Good Quality');
INSERT INTO SPRING23_S003_3_RATINGS VALUES (14,20,14,3,'Good Food');
INSERT INTO SPRING23_S003_3_RATINGS VALUES (15,25,20,2,'Not Good');
INSERT INTO SPRING23_S003_3_RATINGS VALUES (16,27,18,1,'Not Good');
INSERT INTO SPRING23_S003_3_RATINGS VALUES (17,28,17,1,'Not Good');
INSERT INTO SPRING23_S003_3_RATINGS VALUES (18,22,19,4,'Good Food');
INSERT INTO SPRING23_S003_3_RATINGS VALUES (19,23,16,5,'Good Quality');
INSERT INTO SPRING23_S003_3_RATINGS VALUES (20,29,21,5,'Good Quality');
INSERT INTO SPRING23_S003_3_RATINGS VALUES (21,30,25,3,'Good Food');
INSERT INTO SPRING23_S003_3_RATINGS VALUES (22,31,23,5,'Good Food');
INSERT INTO SPRING23_S003_3_RATINGS VALUES (23,4,24,3,'Good Food');
INSERT INTO SPRING23_S003_3_RATINGS VALUES (24,34,26,5,'Good Food');
INSERT INTO SPRING23_S003_3_RATINGS VALUES (25,36,27,5,'Good Food');
INSERT INTO SPRING23_S003_3_RATINGS VALUES (26,38,22,3,'Good Quality');
INSERT INTO SPRING23_S003_3_RATINGS VALUES (27,33,28,3,'Good Food');
INSERT INTO SPRING23_S003_3_RATINGS VALUES (28,39,30,4,'Good Quality');
INSERT INTO SPRING23_S003_3_RATINGS VALUES (29,32,7,4,'Good Food');
INSERT INTO SPRING23_S003_3_RATINGS VALUES (30,40,29,5,'Good Quality');
INSERT INTO SPRING23_S003_3_RATINGS VALUES (31,5,5,5,'Good Food');
INSERT INTO SPRING23_S003_3_RATINGS VALUES (32,12,13,5,'Good Quality');
INSERT INTO SPRING23_S003_3_RATINGS VALUES (33,11,17,5,'Good Quality');
INSERT INTO SPRING23_S003_3_RATINGS VALUES (34,19,14,3,'Good Food');
INSERT INTO SPRING23_S003_3_RATINGS VALUES (35,38,12,2,'Not Good');
INSERT INTO SPRING23_S003_3_RATINGS VALUES (36,27,16,1,'Not Good');
INSERT INTO SPRING23_S003_3_RATINGS VALUES (37,28,27,1,'Not Good');
INSERT INTO SPRING23_S003_3_RATINGS VALUES (38,22,29,4,'Good Food');
INSERT INTO SPRING23_S003_3_RATINGS VALUES (39,20,19,5,'Good Quality');
INSERT INTO SPRING23_S003_3_RATINGS VALUES (40,29,25,5,'Good Quality');
INSERT INTO SPRING23_S003_3_RATINGS VALUES (41,28,30,3,'Good Food');
INSERT INTO SPRING23_S003_3_RATINGS VALUES (42,31,33,5,'Good Food');
INSERT INTO SPRING23_S003_3_RATINGS VALUES (43,12,34,3,'Good Food');
INSERT INTO SPRING23_S003_3_RATINGS VALUES (44,39,36,5,'Good Food');
INSERT INTO SPRING23_S003_3_RATINGS VALUES (45,37,37,5,'Good Food');
INSERT INTO SPRING23_S003_3_RATINGS VALUES (46,36,12,3,'Good Quality');
INSERT INTO SPRING23_S003_3_RATINGS VALUES (47,29,28,3,'Good Food');
INSERT INTO SPRING23_S003_3_RATINGS VALUES (48,31,10,4,'Good Quality');
INSERT INTO SPRING23_S003_3_RATINGS VALUES (49,33,7,4,'Good Food');
INSERT INTO SPRING23_S003_3_RATINGS VALUES (50,40,19,5,'Good Quality');

----------------------------------------------------ORDER-------------------------------------------

INSERT INTO SPRING23_S003_3_ORDER VALUES (1,5,TO_DATE('2025-11-12','yyyy-mm-dd'),3,TO_TIMESTAMP('2023-03-02 09:26:50','YYYY-MM-DD HH24:MI:SS'),3,NULL,7);
INSERT INTO SPRING23_S003_3_ORDER VALUES (2,1,TO_DATE('2023-03-01','yyyy-mm-dd'),5,TO_TIMESTAMP('2023-03-01 07:16:20','YYYY-MM-DD HH24:MI:SS'),2,1,NULL);
INSERT INTO SPRING23_S003_3_ORDER VALUES (3,3,TO_DATE('2023-05-04','yyyy-mm-dd'),2,TO_TIMESTAMP('2023-05-04 07:23:30','YYYY-MM-DD HH24:MI:SS'),1,1,NULL);
INSERT INTO SPRING23_S003_3_ORDER VALUES (4,2,TO_DATE('2023-05-14','yyyy-mm-dd'),1,TO_TIMESTAMP('2023-05-14 09:26:50','YYYY-MM-DD HH24:MI:SS'),4,1,NULL);
INSERT INTO SPRING23_S003_3_ORDER VALUES (5,4,TO_DATE('2023-04-14','yyyy-mm-dd'),4,TO_TIMESTAMP('2023-04-14 07:16:20','YYYY-MM-DD HH24:MI:SS'),5,1,NULL);
INSERT INTO SPRING23_S003_3_ORDER VALUES (6,9,TO_DATE('2023-04-24','yyyy-mm-dd'),10,TO_TIMESTAMP('2023-04-24 07:16:20','YYYY-MM-DD HH24:MI:SS'),9,1,NULL);
INSERT INTO SPRING23_S003_3_ORDER VALUES (7,6,TO_DATE('2023-01-25','yyyy-mm-dd'),8,TO_TIMESTAMP('2023-01-25 09:26:50','YYYY-MM-DD HH24:MI:SS'),10,1,NULL);
INSERT INTO SPRING23_S003_3_ORDER VALUES (8,7,TO_DATE('2023-02-23','yyyy-mm-dd'),9,TO_TIMESTAMP('2023-02-23 09:26:50','YYYY-MM-DD HH24:MI:SS'),3,1,NULL);
INSERT INTO SPRING23_S003_3_ORDER VALUES (9,8,TO_DATE('2023-02-23','yyyy-mm-dd'),6,TO_TIMESTAMP('2023-02-10 07:23:30','YYYY-MM-DD HH24:MI:SS'),8,1,NULL);
INSERT INTO SPRING23_S003_3_ORDER VALUES (10,12,TO_DATE('2023-01-19','yyyy-mm-dd'),7,TO_TIMESTAMP('2023-01-19 09:26:50','YYYY-MM-DD HH24:MI:SS'),6,1,39);
INSERT INTO SPRING23_S003_3_ORDER VALUES (11,10,TO_DATE('2023-06-10','yyyy-mm-dd'),13,TO_TIMESTAMP('2023-06-10 07:16:20','YYYY-MM-DD HH24:MI:SS'),12,1,NULL);
INSERT INTO SPRING23_S003_3_ORDER VALUES (12,11,TO_DATE('2023-06-14','yyyy-mm-dd'),12,TO_TIMESTAMP('2023-06-14 07:23:26','YYYY-MM-DD HH24:MI:SS'),13,1,NULL);
INSERT INTO SPRING23_S003_3_ORDER VALUES (13,15,TO_DATE('2023-06-24','yyyy-mm-dd'),11,TO_TIMESTAMP('2023-06-24 07:16:20','YYYY-MM-DD HH24:MI:SS'),11,NULL,33);
INSERT INTO SPRING23_S003_3_ORDER VALUES (14,13,TO_DATE('2023-05-28','yyyy-mm-dd'),15,TO_TIMESTAMP('2023-05-28 09:26:50','YYYY-MM-DD HH24:MI:SS'),3,1,NULL);
INSERT INTO SPRING23_S003_3_ORDER VALUES (15,14,TO_DATE('2023-06-03','yyyy-mm-dd'),18,TO_TIMESTAMP('2023-06-03 07:23:56','YYYY-MM-DD HH24:MI:SS'),14,1,NULL);
INSERT INTO SPRING23_S003_3_ORDER VALUES (16,19,TO_DATE('2023-07-07','yyyy-mm-dd'),17,TO_TIMESTAMP('2023-07-07 09:26:50','YYYY-MM-DD HH24:MI:SS'),18,NULL,33);
INSERT INTO SPRING23_S003_3_ORDER VALUES (17,16,TO_DATE('2023-07-23','yyyy-mm-dd'),16,TO_TIMESTAMP('2023-07-23 07:16:20','YYYY-MM-DD HH24:MI:SS'),1,1,NULL);
INSERT INTO SPRING23_S003_3_ORDER VALUES (18,20,TO_DATE('2023-09-09','yyyy-mm-dd'),14,TO_TIMESTAMP('2023-09-09 09:26:50','YYYY-MM-DD HH24:MI:SS'),17,NULL,32);
INSERT INTO SPRING23_S003_3_ORDER VALUES (19,18,TO_DATE('2023-02-20','yyyy-mm-dd'),20,TO_TIMESTAMP('2023-02-20 07:16:20','YYYY-MM-DD HH24:MI:SS'),19,1,NULL);
INSERT INTO SPRING23_S003_3_ORDER VALUES (20,17,TO_DATE('2023-01-26','yyyy-mm-dd'),19,TO_TIMESTAMP('2023-01-26 07:23:30','YYYY-MM-DD HH24:MI:SS'),20,1,NULL);
INSERT INTO SPRING23_S003_3_ORDER VALUES (21,21,TO_DATE('2023-08-28','yyyy-mm-dd'),21,TO_TIMESTAMP('2023-08-28 07:16:20','YYYY-MM-DD HH24:MI:SS'),3,1,NULL);
INSERT INTO SPRING23_S003_3_ORDER VALUES (22,30,TO_DATE('2023-08-30','yyyy-mm-dd'),25,TO_TIMESTAMP('2023-08-30 09:26:50','YYYY-MM-DD HH24:MI:SS'),22,NULL,31);
INSERT INTO SPRING23_S003_3_ORDER VALUES (23,29, TO_DATE('2023-05-07','yyyy-mm-dd'),22,TO_TIMESTAMP('2023-05-07 07:16:20','YYYY-MM-DD HH24:MI:SS'),25,1,NULL);
INSERT INTO SPRING23_S003_3_ORDER VALUES (24,28, TO_DATE('2023-06-01','yyyy-mm-dd'),26,TO_TIMESTAMP('2023-06-01 07:23:30','YYYY-MM-DD HH24:MI:SS'),23,NULL,36);
INSERT INTO SPRING23_S003_3_ORDER VALUES (25,22, TO_DATE('2023-10-01','yyyy-mm-dd'),23,TO_TIMESTAMP('2023-10-01 09:26:50','YYYY-MM-DD HH24:MI:SS'),3,1,NULL);
INSERT INTO SPRING23_S003_3_ORDER VALUES (26,25, TO_DATE('2023-10-24','yyyy-mm-dd'),24,TO_TIMESTAMP('2023-10-24 07:16:20','YYYY-MM-DD HH24:MI:SS'),26,1,NULL);
INSERT INTO SPRING23_S003_3_ORDER VALUES (27,24, TO_DATE('2023-10-25','yyyy-mm-dd'),28,TO_TIMESTAMP('2023-10-25 09:26:50','YYYY-MM-DD HH24:MI:SS'),28,1,NULL);
INSERT INTO SPRING23_S003_3_ORDER VALUES (28,23, TO_DATE('2023-02-24','yyyy-mm-dd'),27,TO_TIMESTAMP('2023-02-24 07:23:30','YYYY-MM-DD HH24:MI:SS'),27,NULL,36);
INSERT INTO SPRING23_S003_3_ORDER VALUES (29,26, TO_DATE('2023-10-09','yyyy-mm-dd'),29,TO_TIMESTAMP('2023-10-09 09:26:50','YYYY-MM-DD HH24:MI:SS'),30,NULL,38);
INSERT INTO SPRING23_S003_3_ORDER VALUES (30,27, TO_DATE('2023-05-25','yyyy-mm-dd'),30,TO_TIMESTAMP('2023-05-25 09:26:50','YYYY-MM-DD HH24:MI:SS'),29,1,NULL);

INSERT INTO SPRING23_S003_3_ORDER VALUES (31,1, TO_DATE('2024-12-12','yyyy-mm-dd'),3,TO_TIMESTAMP('2024-03-02 09:27:50','YYYY-MM-DD HH24:MI:SS'),3,NULL,17);
INSERT INTO SPRING23_S003_3_ORDER VALUES (32,11,TO_DATE('2023-06-14','yyyy-mm-dd'),12,TO_TIMESTAMP('2023-06-14 07:23:26','YYYY-MM-DD HH24:MI:SS'),13,1,NULL);
INSERT INTO SPRING23_S003_3_ORDER VALUES (33,12,TO_DATE('2023-06-24','yyyy-mm-dd'),11,TO_TIMESTAMP('2023-06-24 07:16:20','YYYY-MM-DD HH24:MI:SS'),11,1,NULL);
INSERT INTO SPRING23_S003_3_ORDER VALUES (34,19,TO_DATE('2023-05-28','yyyy-mm-dd'),12,TO_TIMESTAMP('2023-05-28 09:26:50','YYYY-MM-DD HH24:MI:SS'),16,NULL,10);
INSERT INTO SPRING23_S003_3_ORDER VALUES (35,21,TO_DATE('2023-06-03','yyyy-mm-dd'),18,TO_TIMESTAMP('2023-06-03 07:23:56','YYYY-MM-DD HH24:MI:SS'),14,1,NULL);
INSERT INTO SPRING23_S003_3_ORDER VALUES (36,11,TO_DATE('2023-07-07','yyyy-mm-dd'),16,TO_TIMESTAMP('2023-07-07 09:26:50','YYYY-MM-DD HH24:MI:SS'),18,1,NULL);
INSERT INTO SPRING23_S003_3_ORDER VALUES (37,14,TO_DATE('2023-07-23','yyyy-mm-dd'),14,TO_TIMESTAMP('2023-07-23 07:16:20','YYYY-MM-DD HH24:MI:SS'),1,NULL,22);
INSERT INTO SPRING23_S003_3_ORDER VALUES (38,20,TO_DATE('2023-09-09','yyyy-mm-dd'),17,TO_TIMESTAMP('2023-09-09 09:26:50','YYYY-MM-DD HH24:MI:SS'),17,1,NULL);
INSERT INTO SPRING23_S003_3_ORDER VALUES (39,18,TO_DATE('2023-02-20','yyyy-mm-dd'),19,TO_TIMESTAMP('2023-02-20 07:16:20','YYYY-MM-DD HH24:MI:SS'),19,1,NULL);
INSERT INTO SPRING23_S003_3_ORDER VALUES (40,27,TO_DATE('2023-01-26','yyyy-mm-dd'),25,TO_TIMESTAMP('2023-01-26 07:23:30','YYYY-MM-DD HH24:MI:SS'),20,NULL,22);
INSERT INTO SPRING23_S003_3_ORDER VALUES (41,30,TO_DATE('2023-08-28','yyyy-mm-dd'),21,TO_TIMESTAMP('2023-08-28 07:16:20','YYYY-MM-DD HH24:MI:SS'),21,1,NULL);
INSERT INTO SPRING23_S003_3_ORDER VALUES (42,25,TO_DATE('2023-08-30','yyyy-mm-dd'),20,TO_TIMESTAMP('2023-08-30 09:26:50','YYYY-MM-DD HH24:MI:SS'),22,1,NULL);
INSERT INTO SPRING23_S003_3_ORDER VALUES (43,29,TO_DATE('2023-05-07','yyyy-mm-dd'),27,TO_TIMESTAMP('2023-05-07 07:16:20','YYYY-MM-DD HH24:MI:SS'),25,1,NULL);
INSERT INTO SPRING23_S003_3_ORDER VALUES (44,26,TO_DATE('2023-06-01','yyyy-mm-dd'),26,TO_TIMESTAMP('2023-06-01 07:23:30','YYYY-MM-DD HH24:MI:SS'),23,1,NULL);
INSERT INTO SPRING23_S003_3_ORDER VALUES (45,20,TO_DATE('2023-10-01','yyyy-mm-dd'),23,TO_TIMESTAMP('2023-10-01 09:26:50','YYYY-MM-DD HH24:MI:SS'),24,NULL,7);
INSERT INTO SPRING23_S003_3_ORDER VALUES (46,9,TO_DATE('2023-10-24','yyyy-mm-dd'),24,TO_TIMESTAMP('2023-10-24 07:16:20','YYYY-MM-DD HH24:MI:SS'),26,1,NULL);
INSERT INTO SPRING23_S003_3_ORDER VALUES (47,4,TO_DATE('2023-10-25','yyyy-mm-dd'),29,TO_TIMESTAMP('2023-10-25 09:26:50','YYYY-MM-DD HH24:MI:SS'),28,NULL,22);
INSERT INTO SPRING23_S003_3_ORDER VALUES (48,3,TO_DATE('2023-02-24','yyyy-mm-dd'),22,TO_TIMESTAMP('2023-02-24 07:23:30','YYYY-MM-DD HH24:MI:SS'),27,1,NULL);
INSERT INTO SPRING23_S003_3_ORDER VALUES (49,8,TO_DATE('2023-10-09','yyyy-mm-dd'),30,TO_TIMESTAMP('2023-10-09 09:26:50','YYYY-MM-DD HH24:MI:SS'),30,NULL,22);
INSERT INTO SPRING23_S003_3_ORDER VALUES (50,6,TO_DATE('2023-05-25','yyyy-mm-dd'),28,TO_TIMESTAMP('2023-05-25 09:26:50','YYYY-MM-DD HH24:MI:SS'),29,1,NULL);


------------------------------------- FOOD TO BE DONATED--------------------------------


INSERT INTO SPRING23_S003_3_FOOD_TO_BE_DONATED VALUES (1,'10 lb','Dairy',1);
INSERT INTO SPRING23_S003_3_FOOD_TO_BE_DONATED VALUES (2,'5 lb','Curry',15);
INSERT INTO SPRING23_S003_3_FOOD_TO_BE_DONATED VALUES (3,'4 lb','Fruits',2);
INSERT INTO SPRING23_S003_3_FOOD_TO_BE_DONATED VALUES (4,'2 lb','Vegetables',7);
INSERT INTO SPRING23_S003_3_FOOD_TO_BE_DONATED VALUES (5,'5 lb','Curry',8);
INSERT INTO SPRING23_S003_3_FOOD_TO_BE_DONATED VALUES (6,'8 lb','Dairy',3);
INSERT INTO SPRING23_S003_3_FOOD_TO_BE_DONATED VALUES (7,'9 lb','Fruits',6);
INSERT INTO SPRING23_S003_3_FOOD_TO_BE_DONATED VALUES (8,'6 lb','Curry',5);
INSERT INTO SPRING23_S003_3_FOOD_TO_BE_DONATED VALUES (9,'5 lb','Dairy',4);
INSERT INTO SPRING23_S003_3_FOOD_TO_BE_DONATED VALUES (10,'10 lb','Fruits',10);
INSERT INTO SPRING23_S003_3_FOOD_TO_BE_DONATED VALUES (11,'10 lb','Curry',9);
INSERT INTO SPRING23_S003_3_FOOD_TO_BE_DONATED VALUES (12,'4 lb','Vegetables',30);
INSERT INTO SPRING23_S003_3_FOOD_TO_BE_DONATED VALUES (13,'4 lb','Fruits',13);
INSERT INTO SPRING23_S003_3_FOOD_TO_BE_DONATED VALUES (14,'6 lb','Curry',11);
INSERT INTO SPRING23_S003_3_FOOD_TO_BE_DONATED VALUES (15,'5 lb','Vegetables',14);
INSERT INTO SPRING23_S003_3_FOOD_TO_BE_DONATED VALUES (16,'6 lb','Curry',12);
INSERT INTO SPRING23_S003_3_FOOD_TO_BE_DONATED VALUES (17,'3 lb','Vegetables',19);
INSERT INTO SPRING23_S003_3_FOOD_TO_BE_DONATED VALUES (18,'7 lb','Dairy',16);
INSERT INTO SPRING23_S003_3_FOOD_TO_BE_DONATED VALUES (19,'8 lb','Curry',17);
INSERT INTO SPRING23_S003_3_FOOD_TO_BE_DONATED VALUES (20,'9 lb','Fruits',18);
INSERT INTO SPRING23_S003_3_FOOD_TO_BE_DONATED VALUES (21,'10 lb','Curry',20);
INSERT INTO SPRING23_S003_3_FOOD_TO_BE_DONATED VALUES (22,'10 lb','Vegetables',21);
INSERT INTO SPRING23_S003_3_FOOD_TO_BE_DONATED VALUES (23,'1 lb','Vegetables',25);
INSERT INTO SPRING23_S003_3_FOOD_TO_BE_DONATED VALUES (24,'1 lb','Fruits',24);
INSERT INTO SPRING23_S003_3_FOOD_TO_BE_DONATED VALUES (25,'6 lb','Dairy',23);
INSERT INTO SPRING23_S003_3_FOOD_TO_BE_DONATED VALUES (26,'7 lb','Curry',22);
INSERT INTO SPRING23_S003_3_FOOD_TO_BE_DONATED VALUES (27,'8 lb','Fruits',26);
INSERT INTO SPRING23_S003_3_FOOD_TO_BE_DONATED VALUES (28,'5 lb','Dairy',27);
INSERT INTO SPRING23_S003_3_FOOD_TO_BE_DONATED VALUES (29,'7 lb','Curry',29);
INSERT INTO SPRING23_S003_3_FOOD_TO_BE_DONATED VALUES (30,'10 lb','Vegetables',28);
INSERT INTO SPRING23_S003_3_FOOD_TO_BE_DONATED VALUES (31,'10 lb','Curry',19);
INSERT INTO SPRING23_S003_3_FOOD_TO_BE_DONATED VALUES (32,'4 lb','Vegetables',20);
INSERT INTO SPRING23_S003_3_FOOD_TO_BE_DONATED VALUES (33,'4 lb','Fruits',2);
INSERT INTO SPRING23_S003_3_FOOD_TO_BE_DONATED VALUES (34,'6 lb','Curry',21);
INSERT INTO SPRING23_S003_3_FOOD_TO_BE_DONATED VALUES (35,'5 lb','Vegetables',24);
INSERT INTO SPRING23_S003_3_FOOD_TO_BE_DONATED VALUES (36,'6 lb','Curry',15);
INSERT INTO SPRING23_S003_3_FOOD_TO_BE_DONATED VALUES (37,'3 lb','Vegetables',19);
INSERT INTO SPRING23_S003_3_FOOD_TO_BE_DONATED VALUES (38,'7 lb','Dairy',26);
INSERT INTO SPRING23_S003_3_FOOD_TO_BE_DONATED VALUES (39,'8 lb','Curry',27);
INSERT INTO SPRING23_S003_3_FOOD_TO_BE_DONATED VALUES (40,'9 lb','Fruits',8);
INSERT INTO SPRING23_S003_3_FOOD_TO_BE_DONATED VALUES (41,'10 lb','Curry',21);
INSERT INTO SPRING23_S003_3_FOOD_TO_BE_DONATED VALUES (42,'10 lb','Vegetables',11);
INSERT INTO SPRING23_S003_3_FOOD_TO_BE_DONATED VALUES (43,'1 lb','Vegetables',15);
INSERT INTO SPRING23_S003_3_FOOD_TO_BE_DONATED VALUES (44,'1 lb','Fruits',22);
INSERT INTO SPRING23_S003_3_FOOD_TO_BE_DONATED VALUES (45,'6 lb','Dairy',20);
INSERT INTO SPRING23_S003_3_FOOD_TO_BE_DONATED VALUES (46,'7 lb','Curry',29);
INSERT INTO SPRING23_S003_3_FOOD_TO_BE_DONATED VALUES (47,'8 lb','Fruits',15);
INSERT INTO SPRING23_S003_3_FOOD_TO_BE_DONATED VALUES (48,'5 lb','Dairy',2);
INSERT INTO SPRING23_S003_3_FOOD_TO_BE_DONATED VALUES (49,'7 lb','Curry',3);
INSERT INTO SPRING23_S003_3_FOOD_TO_BE_DONATED VALUES (50,'10 lb','Vegetables',5);



-----------------------------------------------PAYMENT-----------------------------------------------\

INSERT INTO SPRING23_S003_3_PAYMENT VALUES (1,5,3,8963294892364365,123,TO_DATE('2023-07-07','yyyy-mm-dd'),5);
INSERT INTO SPRING23_S003_3_PAYMENT VALUES (2,4,5,9233003489364127,243,TO_DATE('2023-02-01','yyyy-mm-dd'),6);
INSERT INTO SPRING23_S003_3_PAYMENT VALUES (3,2,1,1963494890061300,023,TO_DATE('2023-12-11','yyyy-mm-dd'),9);
INSERT INTO SPRING23_S003_3_PAYMENT VALUES (4,1,2,1006395892252165,411,TO_DATE('2023-08-08','yyyy-mm-dd'),7);
INSERT INTO SPRING23_S003_3_PAYMENT VALUES (5,3,4,7888239591000235,491,TO_DATE('2023-09-16','yyyy-mm-dd'),8);
INSERT INTO SPRING23_S003_3_PAYMENT VALUES (6,30,9,7880033445122113,002,TO_DATE('2023-01-03','yyyy-mm-dd'),10);
INSERT INTO SPRING23_S003_3_PAYMENT VALUES (7,8,6,8999001123551123,125,TO_DATE('2023-04-04','yyyy-mm-dd'),2);
INSERT INTO SPRING23_S003_3_PAYMENT VALUES (8,10,7,7899200111235210,897,TO_DATE('2023-12-03','yyyy-mm-dd'),3);
INSERT INTO SPRING23_S003_3_PAYMENT VALUES (9,9,8,8899441232244511,899,TO_DATE('2023-05-05','yyyy-mm-dd'),4);
INSERT INTO SPRING23_S003_3_PAYMENT VALUES (10,14,12,5552313555123166,395,TO_DATE('2023-09-03','yyyy-mm-dd'),1);
INSERT INTO SPRING23_S003_3_PAYMENT VALUES (11,12,10,1000023122355512,192,TO_DATE('2023-11-04','yyyy-mm-dd'),11);
INSERT INTO SPRING23_S003_3_PAYMENT VALUES (12,11,14,9000233410104455,148,TO_DATE('2023-07-06','yyyy-mm-dd'),15);
INSERT INTO SPRING23_S003_3_PAYMENT VALUES (13,13,11,1020234551112345,100,TO_DATE('2023-01-11','yyyy-mm-dd'),12);
INSERT INTO SPRING23_S003_3_PAYMENT VALUES (14,15,13,1000223300022156,489,TO_DATE('2023-09-09','yyyy-mm-dd'),13);
INSERT INTO SPRING23_S003_3_PAYMENT VALUES (15,20,15,9992394004112344,928,TO_DATE('2023-11-08','yyyy-mm-dd'),17);
INSERT INTO SPRING23_S003_3_PAYMENT VALUES (16,16,18,8897999223112354,890,TO_DATE('2023-10-01','yyyy-mm-dd'),14);
INSERT INTO SPRING23_S003_3_PAYMENT VALUES (17,19,19,1992003775993301,780,TO_DATE('2023-03-09','yyyy-mm-dd'),16);
INSERT INTO SPRING23_S003_3_PAYMENT VALUES (18,17,16,1289388399455512,428,TO_DATE('2023-12-05','yyyy-mm-dd'),19);
INSERT INTO SPRING23_S003_3_PAYMENT VALUES (19,18,17,9080993375182234,970,TO_DATE('2023-11-03','yyyy-mm-dd'),18);
INSERT INTO SPRING23_S003_3_PAYMENT VALUES (20,6,20,1000239994855819,230,TO_DATE('2023-01-05','yyyy-mm-dd'),20);
INSERT INTO SPRING23_S003_3_PAYMENT VALUES (21,7,21,1010233344551992,102,TO_DATE('2023-10-02','yyyy-mm-dd'),21);
INSERT INTO SPRING23_S003_3_PAYMENT VALUES (22,22,26,8989222355112223,485,TO_DATE('2023-08-07','yyyy-mm-dd'),25);
INSERT INTO SPRING23_S003_3_PAYMENT VALUES (23,26,22,1002333018584930,182,TO_DATE('2023-06-11','yyyy-mm-dd'),24);
INSERT INTO SPRING23_S003_3_PAYMENT VALUES (24,21,23,1238883993119451,560,TO_DATE('2023-04-11','yyyy-mm-dd'),23);
INSERT INTO SPRING23_S003_3_PAYMENT VALUES (25,23,25,9984441222334510,020,TO_DATE('2023-02-11','yyyy-mm-dd'),26);
INSERT INTO SPRING23_S003_3_PAYMENT VALUES (26,25,24,9898277273345511,394,TO_DATE('2023-12-02','yyyy-mm-dd'),27);
INSERT INTO SPRING23_S003_3_PAYMENT VALUES (27,24,28,9000838923221418,195,TO_DATE('2023-07-07','yyyy-mm-dd'),22);
INSERT INTO SPRING23_S003_3_PAYMENT VALUES (28,21,25,5552313525123166,195,TO_DATE('2023-02-11','yyyy-mm-dd'),42);
INSERT INTO SPRING23_S003_3_PAYMENT VALUES (29,24,24,9000233412354455,248,TO_DATE('2023-12-02','yyyy-mm-dd'),43);
INSERT INTO SPRING23_S003_3_PAYMENT VALUES (30,30,28,9992394011122344,328,TO_DATE('2023-07-07','yyyy-mm-dd'),40);
INSERT INTO SPRING23_S003_3_PAYMENT VALUES (31,15,20,1020234588912345,110,TO_DATE('2023-11-04','yyyy-mm-dd'),41);
INSERT INTO SPRING23_S003_3_PAYMENT VALUES (32,17,4,9984441523334510,233,TO_DATE('2023-07-06','yyyy-mm-dd'),45);
INSERT INTO SPRING23_S003_3_PAYMENT VALUES (33,18,1,9898277279899511,394,TO_DATE('2023-01-11','yyyy-mm-dd'),42);
INSERT INTO SPRING23_S003_3_PAYMENT VALUES (34,12,5,1000223308887156,412,TO_DATE('2023-09-09','yyyy-mm-dd'),43);
INSERT INTO SPRING23_S003_3_PAYMENT VALUES (35,16,7,1289388393445512,418,TO_DATE('2023-11-08','yyyy-mm-dd'),47);
INSERT INTO SPRING23_S003_3_PAYMENT VALUES (36,20,10,9000838926767418,155,TO_DATE('2023-10-01','yyyy-mm-dd'),44);
INSERT INTO SPRING23_S003_3_PAYMENT VALUES (37,19,19,8897999223190354,860,TO_DATE('2023-03-09','yyyy-mm-dd'),46);
INSERT INTO SPRING23_S003_3_PAYMENT VALUES (38,16,27,9080993375911234,910,TO_DATE('2023-12-05','yyyy-mm-dd'),49);
INSERT INTO SPRING23_S003_3_PAYMENT VALUES (39,15,18,1000239999101819,233,TO_DATE('2023-11-03','yyyy-mm-dd'),48);
INSERT INTO SPRING23_S003_3_PAYMENT VALUES (40,4,16,1010233344245692,105,TO_DATE('2023-01-05','yyyy-mm-dd'),50);
INSERT INTO SPRING23_S003_3_PAYMENT VALUES (41,1,18,1992003775900101,766,TO_DATE('2023-10-02','yyyy-mm-dd'),41);
INSERT INTO SPRING23_S003_3_PAYMENT VALUES (42,20,12,8989211123112223,411,TO_DATE('2023-08-07','yyyy-mm-dd'),45);
INSERT INTO SPRING23_S003_3_PAYMENT VALUES (43,29,21,1002310011584930,122,TO_DATE('2023-06-11','yyyy-mm-dd'),44);
INSERT INTO SPRING23_S003_3_PAYMENT VALUES (44,21,22,1238882233119451,100,TO_DATE('2023-04-11','yyyy-mm-dd'),43);
INSERT INTO SPRING23_S003_3_PAYMENT VALUES (45,26,27,9992394011122344,328,TO_DATE('2023-02-11','yyyy-mm-dd'),36);
INSERT INTO SPRING23_S003_3_PAYMENT VALUES (46,28,21,9984441222334510,020,TO_DATE('2023-12-02','yyyy-mm-dd'),37);
INSERT INTO SPRING23_S003_3_PAYMENT VALUES (47,21,20,8989222355112223,485,TO_DATE('2023-07-07','yyyy-mm-dd'),32);
INSERT INTO SPRING23_S003_3_PAYMENT VALUES (48,16,27,9080993375911234,910,TO_DATE('2023-12-05','yyyy-mm-dd'),49);
INSERT INTO SPRING23_S003_3_PAYMENT VALUES (49,12,5,1000223208887156,412,TO_DATE('2023-09-09','yyyy-mm-dd'),43);
INSERT INTO SPRING23_S003_3_PAYMENT VALUES (50,15,20,1020114588912345,110,TO_DATE('2023-11-04','yyyy-mm-dd'),41);

-------------------------------------------DELIVERY------------------------------------------

INSERT INTO SPRING23_S003_3_DELIVERY VALUES (1,13,1,30,2,'84005');
INSERT INTO SPRING23_S003_3_DELIVERY VALUES (2,12,4,29,4,'84271');
INSERT INTO SPRING23_S003_3_DELIVERY VALUES (3,10,5,27,3,'81345');
INSERT INTO SPRING23_S003_3_DELIVERY VALUES (4,5,10,28,1,'84311');
INSERT INTO SPRING23_S003_3_DELIVERY VALUES (5,4,2,26,5,'80470');
INSERT INTO SPRING23_S003_3_DELIVERY VALUES (6,1,3,25,7,'84472');
INSERT INTO SPRING23_S003_3_DELIVERY VALUES (7,2,8,24,6,'84678');
INSERT INTO SPRING23_S003_3_DELIVERY VALUES (8,3,7,23,8,'84455');
INSERT INTO SPRING23_S003_3_DELIVERY VALUES (9,9,6,22,9,'80070');
INSERT INTO SPRING23_S003_3_DELIVERY VALUES (10,8,9,17,10,'80075');
INSERT INTO SPRING23_S003_3_DELIVERY VALUES (11,7,15,19,14,'84577');
INSERT INTO SPRING23_S003_3_DELIVERY VALUES (12,11,12,18,12,'84070');
INSERT INTO SPRING23_S003_3_DELIVERY VALUES (13,14,14,16,13,'84271');
INSERT INTO SPRING23_S003_3_DELIVERY VALUES (14,19,13,20,11,'80898');
INSERT INTO SPRING23_S003_3_DELIVERY VALUES (15,17,16,21,21,'80871');
INSERT INTO SPRING23_S003_3_DELIVERY VALUES (16,15,19,15,20,'84872');
INSERT INTO SPRING23_S003_3_DELIVERY VALUES (17,16,21,9,18,'85523');
INSERT INTO SPRING23_S003_3_DELIVERY VALUES (18,18,17,7,17,'89088');
INSERT INTO SPRING23_S003_3_DELIVERY VALUES (19,20,18,8,19,'89282');
INSERT INTO SPRING23_S003_3_DELIVERY VALUES (20,25,20,13,16,'83555');
INSERT INTO SPRING23_S003_3_DELIVERY VALUES (21,26,28,11,15,'81783');
INSERT INTO SPRING23_S003_3_DELIVERY VALUES (22,21,22,10,26,'84633');
INSERT INTO SPRING23_S003_3_DELIVERY VALUES (23,22,25,5,22,'88044');
INSERT INTO SPRING23_S003_3_DELIVERY VALUES (24,29,26,4,24,'89044');
INSERT INTO SPRING23_S003_3_DELIVERY VALUES (25,30,23,6,23,'80315');
INSERT INTO SPRING23_S003_3_DELIVERY VALUES (26,27,24,2,25,'87115');
INSERT INTO SPRING23_S003_3_DELIVERY VALUES (27,28,28,3,28,'89805');
INSERT INTO SPRING23_S003_3_DELIVERY VALUES (28,23,27,14,27,'83885');
INSERT INTO SPRING23_S003_3_DELIVERY VALUES (29,24,30,12,30,'84215');
INSERT INTO SPRING23_S003_3_DELIVERY VALUES (30,6,29,1,29,'84875');
INSERT INTO SPRING23_S003_3_DELIVERY VALUES (31,17,11,15,14,'84577');
INSERT INTO SPRING23_S003_3_DELIVERY VALUES (32,21,13,19,12,'84070');
INSERT INTO SPRING23_S003_3_DELIVERY VALUES (33,34,14,26,13,'84271');
INSERT INTO SPRING23_S003_3_DELIVERY VALUES (34,19,12,30,11,'80898');
INSERT INTO SPRING23_S003_3_DELIVERY VALUES (35,27,19,31,21,'80871');
INSERT INTO SPRING23_S003_3_DELIVERY VALUES (36,15,20,25,20,'84872');
INSERT INTO SPRING23_S003_3_DELIVERY VALUES (37,46,25,19,18,'85523');
INSERT INTO SPRING23_S003_3_DELIVERY VALUES (38,28,12,17,17,'89088');
INSERT INTO SPRING23_S003_3_DELIVERY VALUES (39,21,28,28,19,'89282');
INSERT INTO SPRING23_S003_3_DELIVERY VALUES (40,22,23,10,16,'83555');
INSERT INTO SPRING23_S003_3_DELIVERY VALUES (41,23,27,15,15,'81783');
INSERT INTO SPRING23_S003_3_DELIVERY VALUES (42,32,21,12,26,'84633');
INSERT INTO SPRING23_S003_3_DELIVERY VALUES (43,35,20,15,22,'88044');
INSERT INTO SPRING23_S003_3_DELIVERY VALUES (44,34,25,24,24,'89044');
INSERT INTO SPRING23_S003_3_DELIVERY VALUES (45,39,29,26,23,'80315');
INSERT INTO SPRING23_S003_3_DELIVERY VALUES (46,31,34,15,25,'87115');
INSERT INTO SPRING23_S003_3_DELIVERY VALUES (47,28,38,23,28,'89805');
INSERT INTO SPRING23_S003_3_DELIVERY VALUES (48,17,37,34,27,'83885');
INSERT INTO SPRING23_S003_3_DELIVERY VALUES (49,18,30,12,30,'84215');
INSERT INTO SPRING23_S003_3_DELIVERY VALUES (50,16,39,15,29,'84875');

-------------------------------------------------DONATES----------------------


INSERT INTO SPRING23_S003_3_DONATES VALUES (1,21);
INSERT INTO SPRING23_S003_3_DONATES VALUES (2,4);
INSERT INTO SPRING23_S003_3_DONATES VALUES (3,5);
INSERT INTO SPRING23_S003_3_DONATES VALUES (4,6);
INSERT INTO SPRING23_S003_3_DONATES VALUES (5,7);
INSERT INTO SPRING23_S003_3_DONATES VALUES (6,8);
INSERT INTO SPRING23_S003_3_DONATES VALUES (7,9);
INSERT INTO SPRING23_S003_3_DONATES VALUES (8,10);
INSERT INTO SPRING23_S003_3_DONATES VALUES (9,1);
INSERT INTO SPRING23_S003_3_DONATES VALUES (10,3);
INSERT INTO SPRING23_S003_3_DONATES VALUES (11,2);
INSERT INTO SPRING23_S003_3_DONATES VALUES (12,15);
INSERT INTO SPRING23_S003_3_DONATES VALUES (13,14);
INSERT INTO SPRING23_S003_3_DONATES VALUES (14,12);
INSERT INTO SPRING23_S003_3_DONATES VALUES (15,13);
INSERT INTO SPRING23_S003_3_DONATES VALUES (16,11);
INSERT INTO SPRING23_S003_3_DONATES VALUES (17,19);
INSERT INTO SPRING23_S003_3_DONATES VALUES (18,18);
INSERT INTO SPRING23_S003_3_DONATES VALUES (19,17);
INSERT INTO SPRING23_S003_3_DONATES VALUES (10,16);
INSERT INTO SPRING23_S003_3_DONATES VALUES (21,20);
INSERT INTO SPRING23_S003_3_DONATES VALUES (22,26);
INSERT INTO SPRING23_S003_3_DONATES VALUES (23,24);
INSERT INTO SPRING23_S003_3_DONATES VALUES (24,22);
INSERT INTO SPRING23_S003_3_DONATES VALUES (25,23);
INSERT INTO SPRING23_S003_3_DONATES VALUES (26,25);
INSERT INTO SPRING23_S003_3_DONATES VALUES (27,29);
INSERT INTO SPRING23_S003_3_DONATES VALUES (28,28);
INSERT INTO SPRING23_S003_3_DONATES VALUES (29,30);
INSERT INTO SPRING23_S003_3_DONATES VALUES (30,27);
INSERT INTO SPRING23_S003_3_DONATES VALUES (31,22);
INSERT INTO SPRING23_S003_3_DONATES VALUES (32,25);
INSERT INTO SPRING23_S003_3_DONATES VALUES (33,14);
INSERT INTO SPRING23_S003_3_DONATES VALUES (34,42);
INSERT INTO SPRING23_S003_3_DONATES VALUES (35,33);
INSERT INTO SPRING23_S003_3_DONATES VALUES (36,41);
INSERT INTO SPRING23_S003_3_DONATES VALUES (37,12);
INSERT INTO SPRING23_S003_3_DONATES VALUES (38,38);
INSERT INTO SPRING23_S003_3_DONATES VALUES (39,47);
INSERT INTO SPRING23_S003_3_DONATES VALUES (40,26);
INSERT INTO SPRING23_S003_3_DONATES VALUES (41,20);
INSERT INTO SPRING23_S003_3_DONATES VALUES (42,40);
INSERT INTO SPRING23_S003_3_DONATES VALUES (43,41);
INSERT INTO SPRING23_S003_3_DONATES VALUES (44,42);
INSERT INTO SPRING23_S003_3_DONATES VALUES (45,43);
INSERT INTO SPRING23_S003_3_DONATES VALUES (46,45);
INSERT INTO SPRING23_S003_3_DONATES VALUES (47,49);
INSERT INTO SPRING23_S003_3_DONATES VALUES (48,48);
INSERT INTO SPRING23_S003_3_DONATES VALUES (49,50);
INSERT INTO SPRING23_S003_3_DONATES VALUES (50,47);